pull_date,game_date,game_time_local,opponent,day_of_week,days_until_game,tier,source,onsale_status,lowest_price,average_price,median_price,highest_price,listing_count,resale_min,resale_max,primary_min,primary_max,avg_pct_of_114_face,avg_pct_of_363_face
2026-07-16,2027-01-20,19:00,Boston Bruins,Wed,188,TBD,ticketmaster,offsale,,,,,,,,,,,
2026-07-16,2026-10-16,19:00,Pittsburgh Penguins,Fri,92,TBD,ticketmaster,offsale,,,,,,,,,,,
2026-07-16,2027-03-13,16:00,Chicago Blackhawks,Sat,240,TBD,ticketmaster,offsale,,,,,,,,,,,
2026-07-16,2027-03-21,15:00,Chicago Blackhawks,Sun,248,TBD,ticketmaster,offsale,,,,,,,,,,,
2026-07-16,2026-11-19,19:00,Anaheim Ducks,Thu,126,TBD,ticketmaster,offsale,,,,,,,,,,,
2026-07-16,2026-11-07,19:00,Detroit Red Wings,Sat,114,TBD,ticketmaster,offsale,,,,,,,,,,,
2026-07-16,2026-12-12,19:00,Washington Capitals,Sat,149,TBD,ticketmaster,offsale,,,,,,,,,,,
2026-07-16,2027-03-11,19:30,New York Rangers,Thu,238,TBD,ticketmaster,offsale,,,,,,,,,,,
2026-07-16,2026-10-10,17:00,Toronto Maple Leafs,Sat,86,TBD,ticketmaster,offsale,,,,,,,,,,,
2026-07-16,2026-10-14,19:30,Dallas Stars,Wed,90,TBD,ticketmaster,offsale,,,,,,,,,,,
2026-07-16,2027-01-24,15:00,Dallas Stars,Sun,192,TBD,ticketmaster,offsale,,,,,,,,,,,
2026-07-16,2026-12-16,19:00,New York Islanders,Wed,153,TBD,ticketmaster,offsale,,,,,,,,,,,
2026-07-16,2026-10-23,19:00,Tampa Bay Lightning,Fri,99,TBD,ticketmaster,offsale,,,,,,,,,,,
2026-07-16,2026-10-28,19:00,New Jersey Devils,Wed,104,TBD,ticketmaster,offsale,,,,,,,,,,,
2026-07-16,2027-02-15,13:00,Columbus Blue Jackets,Mon,214,TBD,ticketmaster,offsale,,,,,,,,,,,
2026-07-16,2026-11-28,19:00,San Jose Sharks,Sat,135,TBD,ticketmaster,offsale,,,,,,,,,,,
2026-07-16,2026-09-20,17:00,Utah Mammoth,Sun,66,TBD,ticketmaster,offsale,,,,,,,,,,,
2026-07-16,2026-09-25,18:30,Winnipeg Jets,Fri,71,TBD,ticketmaster,offsale,,,,,,,,,,,
2026-07-16,2026-09-30,20:00,Los Angeles Kings,Wed,76,TBD,ticketmaster,offsale,,,,,,,,,,,
2026-07-16,2026-10-03,19:00,St. Louis Blues,Sat,79,TBD,ticketmaster,offsale,,,,,,,,,,,
2026-07-16,2026-10-31,20:00,Calgary Flames,Sat,107,TBD,ticketmaster,offsale,,,,,,,,,,,
2026-07-16,2026-11-05,19:00,Nashville Predators,Thu,112,TBD,ticketmaster,offsale,,,,,,,,,,,
2026-07-16,2026-11-25,19:30,Montreal Canadiens,Wed,132,TBD,ticketmaster,offsale,,,,,,,,,,,
2026-07-16,2026-12-14,19:00,Utah Mammoth,Mon,151,TBD,ticketmaster,offsale,,,,,,,,,,,
2026-07-16,2026-12-18,19:00,Carolina Hurricanes,Fri,155,TBD,ticketmaster,offsale,,,,,,,,,,,
2026-07-16,2026-12-20,18:00,Seattle Kraken,Sun,157,TBD,ticketmaster,offsale,,,,,,,,,,,
2026-07-16,2026-12-29,19:00,St. Louis Blues,Tue,166,TBD,ticketmaster,offsale,,,,,,,,,,,
2026-07-16,2027-01-04,19:00,Vegas Golden Knights,Mon,172,TBD,ticketmaster,offsale,,,,,,,,,,,
2026-07-16,2027-01-06,19:30,Ottawa Senators,Wed,174,TBD,ticketmaster,offsale,,,,,,,,,,,
2026-07-16,2027-01-08,19:00,Seattle Kraken,Fri,176,TBD,ticketmaster,offsale,,,,,,,,,,,
2026-07-16,2027-01-10,18:00,Nashville Predators,Sun,178,TBD,ticketmaster,offsale,,,,,,,,,,,
2026-07-16,2027-01-18,13:00,Vancouver Canucks,Mon,186,TBD,ticketmaster,offsale,,,,,,,,,,,
2026-07-16,2027-01-26,19:00,Edmonton Oilers,Tue,194,TBD,ticketmaster,offsale,,,,,,,,,,,
2026-07-16,2027-01-30,15:00,Buffalo Sabres,Sat,198,TBD,ticketmaster,offsale,,,,,,,,,,,
2026-07-16,2027-03-17,19:00,Minnesota Wild,Wed,244,TBD,ticketmaster,offsale,,,,,,,,,,,
2026-07-16,2027-02-22,19:00,Vegas Golden Knights,Mon,221,TBD,ticketmaster,offsale,,,,,,,,,,,
2026-07-16,2027-02-25,20:30,Winnipeg Jets,Thu,224,TBD,ticketmaster,offsale,,,,,,,,,,,
2026-07-16,2027-02-27,17:00,Florida Panthers,Sat,226,TBD,ticketmaster,offsale,,,,,,,,,,,
2026-07-16,2027-04-10,13:00,Minnesota Wild,Sat,268,TBD,ticketmaster,offsale,,,,,,,,,,,
2026-07-16,2027-03-09,19:00,Philadelphia Flyers,Tue,236,TBD,ticketmaster,offsale,,,,,,,,,,,
2026-07-16,2027-03-15,19:30,Edmonton Oilers,Mon,242,TBD,ticketmaster,offsale,,,,,,,,,,,
2026-07-16,2027-03-23,19:00,Utah Mammoth,Tue,250,TBD,ticketmaster,offsale,,,,,,,,,,,
2026-07-16,2027-03-27,17:00,Winnipeg Jets,Sat,254,TBD,ticketmaster,offsale,,,,,,,,,,,
2026-07-16,2027-04-02,19:00,Los Angeles Kings,Fri,260,TBD,ticketmaster,offsale,,,,,,,,,,,
2026-07-17,2027-01-20,19:00,Boston Bruins,Wed,187,TBD,ticketmaster,offsale,,,,,,,,,,,
2026-07-17,2026-10-16,19:00,Pittsburgh Penguins,Fri,91,TBD,ticketmaster,offsale,,,,,,,,,,,
2026-07-17,2027-03-13,16:00,Chicago Blackhawks,Sat,239,TBD,ticketmaster,offsale,,,,,,,,,,,
2026-07-17,2027-03-21,15:00,Chicago Blackhawks,Sun,247,TBD,ticketmaster,offsale,,,,,,,,,,,
2026-07-17,2026-11-19,19:00,Anaheim Ducks,Thu,125,TBD,ticketmaster,offsale,,,,,,,,,,,
2026-07-17,2026-11-07,19:00,Detroit Red Wings,Sat,113,TBD,ticketmaster,offsale,,,,,,,,,,,
2026-07-17,2026-12-12,19:00,Washington Capitals,Sat,148,TBD,ticketmaster,offsale,,,,,,,,,,,
2026-07-17,2027-03-11,19:30,New York Rangers,Thu,237,TBD,ticketmaster,offsale,,,,,,,,,,,
2026-07-17,2026-10-10,17:00,Toronto Maple Leafs,Sat,85,TBD,ticketmaster,offsale,,,,,,,,,,,
2026-07-17,2026-10-14,19:30,Dallas Stars,Wed,89,TBD,ticketmaster,offsale,,,,,,,,,,,
2026-07-17,2027-01-24,15:00,Dallas Stars,Sun,191,TBD,ticketmaster,offsale,,,,,,,,,,,
2026-07-17,2026-12-16,19:00,New York Islanders,Wed,152,TBD,ticketmaster,offsale,,,,,,,,,,,
2026-07-17,2026-10-23,19:00,Tampa Bay Lightning,Fri,98,TBD,ticketmaster,offsale,,,,,,,,,,,
2026-07-17,2026-10-28,19:00,New Jersey Devils,Wed,103,TBD,ticketmaster,offsale,,,,,,,,,,,
2026-07-17,2027-02-15,13:00,Columbus Blue Jackets,Mon,213,TBD,ticketmaster,offsale,,,,,,,,,,,
2026-07-17,2026-11-28,19:00,San Jose Sharks,Sat,134,TBD,ticketmaster,offsale,,,,,,,,,,,
2026-07-17,2026-09-20,17:00,Utah Mammoth,Sun,65,TBD,ticketmaster,offsale,,,,,,,,,,,
2026-07-17,2026-09-25,18:30,Winnipeg Jets,Fri,70,TBD,ticketmaster,offsale,,,,,,,,,,,
2026-07-17,2026-09-30,20:00,Los Angeles Kings,Wed,75,TBD,ticketmaster,offsale,,,,,,,,,,,
2026-07-17,2026-10-03,19:00,St. Louis Blues,Sat,78,TBD,ticketmaster,offsale,,,,,,,,,,,
2026-07-17,2026-10-31,20:00,Calgary Flames,Sat,106,TBD,ticketmaster,offsale,,,,,,,,,,,
2026-07-17,2026-11-05,19:00,Nashville Predators,Thu,111,TBD,ticketmaster,offsale,,,,,,,,,,,
2026-07-17,2026-11-25,19:30,Montreal Canadiens,Wed,131,TBD,ticketmaster,offsale,,,,,,,,,,,
2026-07-17,2026-12-14,19:00,Utah Mammoth,Mon,150,TBD,ticketmaster,offsale,,,,,,,,,,,
2026-07-17,2026-12-18,19:00,Carolina Hurricanes,Fri,154,TBD,ticketmaster,offsale,,,,,,,,,,,
2026-07-17,2026-12-20,18:00,Seattle Kraken,Sun,156,TBD,ticketmaster,offsale,,,,,,,,,,,
2026-07-17,2026-12-29,19:00,St. Louis Blues,Tue,165,TBD,ticketmaster,offsale,,,,,,,,,,,
2026-07-17,2027-01-04,19:00,Vegas Golden Knights,Mon,171,TBD,ticketmaster,offsale,,,,,,,,,,,
2026-07-17,2027-01-06,19:30,Ottawa Senators,Wed,173,TBD,ticketmaster,offsale,,,,,,,,,,,
2026-07-17,2027-01-08,19:00,Seattle Kraken,Fri,175,TBD,ticketmaster,offsale,,,,,,,,,,,
2026-07-17,2027-01-10,18:00,Nashville Predators,Sun,177,TBD,ticketmaster,offsale,,,,,,,,,,,
2026-07-17,2027-01-18,13:00,Vancouver Canucks,Mon,185,TBD,ticketmaster,offsale,,,,,,,,,,,
2026-07-17,2027-01-26,19:00,Edmonton Oilers,Tue,193,TBD,ticketmaster,offsale,,,,,,,,,,,
2026-07-17,2027-01-30,15:00,Buffalo Sabres,Sat,197,TBD,ticketmaster,offsale,,,,,,,,,,,
2026-07-17,2027-03-17,19:00,Minnesota Wild,Wed,243,TBD,ticketmaster,offsale,,,,,,,,,,,
2026-07-17,2027-02-22,19:00,Vegas Golden Knights,Mon,220,TBD,ticketmaster,offsale,,,,,,,,,,,
2026-07-17,2027-02-25,20:30,Winnipeg Jets,Thu,223,TBD,ticketmaster,offsale,,,,,,,,,,,
2026-07-17,2027-02-27,17:00,Florida Panthers,Sat,225,TBD,ticketmaster,offsale,,,,,,,,,,,
2026-07-17,2027-04-10,13:00,Minnesota Wild,Sat,267,TBD,ticketmaster,offsale,,,,,,,,,,,
2026-07-17,2027-03-09,19:00,Philadelphia Flyers,Tue,235,TBD,ticketmaster,offsale,,,,,,,,,,,
2026-07-17,2027-03-15,19:30,Edmonton Oilers,Mon,241,TBD,ticketmaster,offsale,,,,,,,,,,,
2026-07-17,2027-03-23,19:00,Utah Mammoth,Tue,249,TBD,ticketmaster,offsale,,,,,,,,,,,
2026-07-17,2027-03-27,17:00,Winnipeg Jets,Sat,253,TBD,ticketmaster,offsale,,,,,,,,,,,
2026-07-17,2027-04-02,19:00,Los Angeles Kings,Fri,259,TBD,ticketmaster,offsale,,,,,,,,,,,
2026-07-18,2027-01-20,19:00,Boston Bruins,Wed,186,TBD,ticketmaster,offsale,,,,,,,,,,,
2026-07-18,2026-10-16,19:00,Pittsburgh Penguins,Fri,90,TBD,ticketmaster,offsale,,,,,,,,,,,
2026-07-18,2027-03-13,16:00,Chicago Blackhawks,Sat,238,TBD,ticketmaster,offsale,,,,,,,,,,,
2026-07-18,2027-03-21,15:00,Chicago Blackhawks,Sun,246,TBD,ticketmaster,offsale,,,,,,,,,,,
2026-07-18,2026-11-19,19:00,Anaheim Ducks,Thu,124,TBD,ticketmaster,offsale,,,,,,,,,,,
2026-07-18,2026-11-07,19:00,Detroit Red Wings,Sat,112,TBD,ticketmaster,offsale,,,,,,,,,,,
2026-07-18,2026-12-12,19:00,Washington Capitals,Sat,147,TBD,ticketmaster,offsale,,,,,,,,,,,
2026-07-18,2027-03-11,19:30,New York Rangers,Thu,236,TBD,ticketmaster,offsale,,,,,,,,,,,
2026-07-18,2026-10-10,17:00,Toronto Maple Leafs,Sat,84,TBD,ticketmaster,offsale,,,,,,,,,,,
2026-07-18,2026-10-14,19:30,Dallas Stars,Wed,88,TBD,ticketmaster,offsale,,,,,,,,,,,
2026-07-18,2027-01-24,15:00,Dallas Stars,Sun,190,TBD,ticketmaster,offsale,,,,,,,,,,,
2026-07-18,2026-12-16,19:00,New York Islanders,Wed,151,TBD,ticketmaster,offsale,,,,,,,,,,,
2026-07-18,2026-10-23,19:00,Tampa Bay Lightning,Fri,97,TBD,ticketmaster,offsale,,,,,,,,,,,
2026-07-18,2026-10-28,19:00,New Jersey Devils,Wed,102,TBD,ticketmaster,offsale,,,,,,,,,,,
2026-07-18,2027-02-15,13:00,Columbus Blue Jackets,Mon,212,TBD,ticketmaster,offsale,,,,,,,,,,,
2026-07-18,2026-11-28,19:00,San Jose Sharks,Sat,133,TBD,ticketmaster,offsale,,,,,,,,,,,
2026-07-18,2026-09-20,17:00,Utah Mammoth,Sun,64,TBD,ticketmaster,offsale,,,,,,,,,,,
2026-07-18,2026-09-25,18:30,Winnipeg Jets,Fri,69,TBD,ticketmaster,offsale,,,,,,,,,,,
2026-07-18,2026-09-30,20:00,Los Angeles Kings,Wed,74,TBD,ticketmaster,offsale,,,,,,,,,,,
2026-07-18,2026-10-03,19:00,St. Louis Blues,Sat,77,TBD,ticketmaster,offsale,,,,,,,,,,,
2026-07-18,2026-10-31,20:00,Calgary Flames,Sat,105,TBD,ticketmaster,offsale,,,,,,,,,,,
2026-07-18,2026-11-05,19:00,Nashville Predators,Thu,110,TBD,ticketmaster,offsale,,,,,,,,,,,
2026-07-18,2026-11-25,19:30,Montreal Canadiens,Wed,130,TBD,ticketmaster,offsale,,,,,,,,,,,
2026-07-18,2026-12-14,19:00,Utah Mammoth,Mon,149,TBD,ticketmaster,offsale,,,,,,,,,,,
2026-07-18,2026-12-18,19:00,Carolina Hurricanes,Fri,153,TBD,ticketmaster,offsale,,,,,,,,,,,
2026-07-18,2026-12-20,18:00,Seattle Kraken,Sun,155,TBD,ticketmaster,offsale,,,,,,,,,,,
2026-07-18,2026-12-29,19:00,St. Louis Blues,Tue,164,TBD,ticketmaster,offsale,,,,,,,,,,,
2026-07-18,2027-01-04,19:00,Vegas Golden Knights,Mon,170,TBD,ticketmaster,offsale,,,,,,,,,,,
2026-07-18,2027-01-06,19:30,Ottawa Senators,Wed,172,TBD,ticketmaster,offsale,,,,,,,,,,,
2026-07-18,2027-01-08,19:00,Seattle Kraken,Fri,174,TBD,ticketmaster,offsale,,,,,,,,,,,
2026-07-18,2027-01-10,18:00,Nashville Predators,Sun,176,TBD,ticketmaster,offsale,,,,,,,,,,,
2026-07-18,2027-01-18,13:00,Vancouver Canucks,Mon,184,TBD,ticketmaster,offsale,,,,,,,,,,,
2026-07-18,2027-01-26,19:00,Edmonton Oilers,Tue,192,TBD,ticketmaster,offsale,,,,,,,,,,,
2026-07-18,2027-01-30,15:00,Buffalo Sabres,Sat,196,TBD,ticketmaster,offsale,,,,,,,,,,,
2026-07-18,2027-03-17,19:00,Minnesota Wild,Wed,242,TBD,ticketmaster,offsale,,,,,,,,,,,
2026-07-18,2027-02-22,19:00,Vegas Golden Knights,Mon,219,TBD,ticketmaster,offsale,,,,,,,,,,,
2026-07-18,2027-02-25,20:30,Winnipeg Jets,Thu,222,TBD,ticketmaster,offsale,,,,,,,,,,,
2026-07-18,2027-02-27,17:00,Florida Panthers,Sat,224,TBD,ticketmaster,offsale,,,,,,,,,,,
2026-07-18,2027-04-10,13:00,Minnesota Wild,Sat,266,TBD,ticketmaster,offsale,,,,,,,,,,,
2026-07-18,2027-03-09,19:00,Philadelphia Flyers,Tue,234,TBD,ticketmaster,offsale,,,,,,,,,,,
2026-07-18,2027-03-15,19:30,Edmonton Oilers,Mon,240,TBD,ticketmaster,offsale,,,,,,,,,,,
2026-07-18,2027-03-23,19:00,Utah Mammoth,Tue,248,TBD,ticketmaster,offsale,,,,,,,,,,,
2026-07-18,2027-03-27,17:00,Winnipeg Jets,Sat,252,TBD,ticketmaster,offsale,,,,,,,,,,,
2026-07-18,2027-04-02,19:00,Los Angeles Kings,Fri,258,TBD,ticketmaster,offsale,,,,,,,,,,,
2026-07-19,2027-01-20,19:00,Boston Bruins,Wed,185,TBD,ticketmaster,offsale,,,,,,,,,,,
2026-07-19,2026-10-16,19:00,Pittsburgh Penguins,Fri,89,TBD,ticketmaster,offsale,,,,,,,,,,,
2026-07-19,2027-03-13,16:00,Chicago Blackhawks,Sat,237,TBD,ticketmaster,offsale,,,,,,,,,,,
2026-07-19,2027-03-21,15:00,Chicago Blackhawks,Sun,245,TBD,ticketmaster,offsale,,,,,,,,,,,
2026-07-19,2026-11-19,19:00,Anaheim Ducks,Thu,123,TBD,ticketmaster,offsale,,,,,,,,,,,
2026-07-19,2026-11-07,19:00,Detroit Red Wings,Sat,111,TBD,ticketmaster,offsale,,,,,,,,,,,
2026-07-19,2026-12-12,19:00,Washington Capitals,Sat,146,TBD,ticketmaster,offsale,,,,,,,,,,,
2026-07-19,2027-03-11,19:30,New York Rangers,Thu,235,TBD,ticketmaster,offsale,,,,,,,,,,,
2026-07-19,2026-10-10,17:00,Toronto Maple Leafs,Sat,83,TBD,ticketmaster,offsale,,,,,,,,,,,
2026-07-19,2026-10-14,19:30,Dallas Stars,Wed,87,TBD,ticketmaster,offsale,,,,,,,,,,,
2026-07-19,2027-01-24,15:00,Dallas Stars,Sun,189,TBD,ticketmaster,offsale,,,,,,,,,,,
2026-07-19,2026-12-16,19:00,New York Islanders,Wed,150,TBD,ticketmaster,offsale,,,,,,,,,,,
2026-07-19,2026-10-23,19:00,Tampa Bay Lightning,Fri,96,TBD,ticketmaster,offsale,,,,,,,,,,,
2026-07-19,2026-10-28,19:00,New Jersey Devils,Wed,101,TBD,ticketmaster,offsale,,,,,,,,,,,
2026-07-19,2027-02-15,13:00,Columbus Blue Jackets,Mon,211,TBD,ticketmaster,offsale,,,,,,,,,,,
2026-07-19,2026-11-28,19:00,San Jose Sharks,Sat,132,TBD,ticketmaster,offsale,,,,,,,,,,,
2026-07-19,2026-12-29,19:00,St. Louis Blues,Tue,163,TBD,ticketmaster,offsale,,,,,,,,,,,
2026-07-19,2026-09-30,20:00,Los Angeles Kings,Wed,73,TBD,ticketmaster,offsale,,,,,,,,,,,
2026-07-19,2026-12-20,18:00,Seattle Kraken,Sun,154,TBD,ticketmaster,offsale,,,,,,,,,,,
2026-07-19,2026-11-25,19:30,Montreal Canadiens,Wed,129,TBD,ticketmaster,offsale,,,,,,,,,,,
2026-07-19,2026-12-18,19:00,Carolina Hurricanes,Fri,152,TBD,ticketmaster,offsale,,,,,,,,,,,
2026-07-19,2026-09-20,17:00,Utah Mammoth,Sun,63,TBD,ticketmaster,offsale,,,,,,,,,,,
2026-07-19,2026-09-25,18:30,Winnipeg Jets,Fri,68,TBD,ticketmaster,offsale,,,,,,,,,,,
2026-07-19,2026-10-03,19:00,St. Louis Blues,Sat,76,TBD,ticketmaster,offsale,,,,,,,,,,,
2026-07-19,2026-10-31,20:00,Calgary Flames,Sat,104,TBD,ticketmaster,offsale,,,,,,,,,,,
2026-07-19,2026-11-05,19:00,Nashville Predators,Thu,109,TBD,ticketmaster,offsale,,,,,,,,,,,
2026-07-19,2026-12-14,19:00,Utah Mammoth,Mon,148,TBD,ticketmaster,offsale,,,,,,,,,,,
2026-07-19,2027-03-17,19:00,Minnesota Wild,Wed,241,TBD,ticketmaster,offsale,,,,,,,,,,,
2026-07-19,2027-01-04,19:00,Vegas Golden Knights,Mon,169,TBD,ticketmaster,offsale,,,,,,,,,,,
2026-07-19,2027-01-06,19:30,Ottawa Senators,Wed,171,TBD,ticketmaster,offsale,,,,,,,,,,,
2026-07-19,2027-01-08,19:00,Seattle Kraken,Fri,173,TBD,ticketmaster,offsale,,,,,,,,,,,
2026-07-19,2027-01-10,18:00,Nashville Predators,Sun,175,TBD,ticketmaster,offsale,,,,,,,,,,,
2026-07-19,2027-01-18,13:00,Vancouver Canucks,Mon,183,TBD,ticketmaster,offsale,,,,,,,,,,,
2026-07-19,2027-01-26,19:00,Edmonton Oilers,Tue,191,TBD,ticketmaster,offsale,,,,,,,,,,,
2026-07-19,2027-01-30,15:00,Buffalo Sabres,Sat,195,TBD,ticketmaster,offsale,,,,,,,,,,,
2026-07-19,2027-02-22,19:00,Vegas Golden Knights,Mon,218,TBD,ticketmaster,offsale,,,,,,,,,,,
2026-07-19,2027-02-25,20:30,Winnipeg Jets,Thu,221,TBD,ticketmaster,offsale,,,,,,,,,,,
2026-07-19,2027-02-27,17:00,Florida Panthers,Sat,223,TBD,ticketmaster,offsale,,,,,,,,,,,
2026-07-19,2027-04-10,13:00,Minnesota Wild,Sat,265,TBD,ticketmaster,offsale,,,,,,,,,,,
2026-07-19,2027-03-09,19:00,Philadelphia Flyers,Tue,233,TBD,ticketmaster,offsale,,,,,,,,,,,
2026-07-19,2027-03-15,19:30,Edmonton Oilers,Mon,239,TBD,ticketmaster,offsale,,,,,,,,,,,
2026-07-19,2027-03-23,19:00,Utah Mammoth,Tue,247,TBD,ticketmaster,offsale,,,,,,,,,,,
2026-07-19,2027-03-27,17:00,Winnipeg Jets,Sat,251,TBD,ticketmaster,offsale,,,,,,,,,,,
2026-07-19,2027-04-02,19:00,Los Angeles Kings,Fri,257,TBD,ticketmaster,offsale,,,,,,,,,,,
2026-07-20,2027-01-20,19:00,Boston Bruins,Wed,184,TBD,ticketmaster,offsale,,,,,,,,,,,
2026-07-20,2026-10-16,19:00,Pittsburgh Penguins,Fri,88,TBD,ticketmaster,offsale,,,,,,,,,,,
2026-07-20,2027-03-13,16:00,Chicago Blackhawks,Sat,236,TBD,ticketmaster,offsale,,,,,,,,,,,
2026-07-20,2027-03-21,15:00,Chicago Blackhawks,Sun,244,TBD,ticketmaster,offsale,,,,,,,,,,,
2026-07-20,2026-11-19,19:00,Anaheim Ducks,Thu,122,TBD,ticketmaster,offsale,,,,,,,,,,,
2026-07-20,2026-11-07,19:00,Detroit Red Wings,Sat,110,TBD,ticketmaster,offsale,,,,,,,,,,,
2026-07-20,2026-12-12,19:00,Washington Capitals,Sat,145,TBD,ticketmaster,offsale,,,,,,,,,,,
2026-07-20,2027-03-11,19:30,New York Rangers,Thu,234,TBD,ticketmaster,offsale,,,,,,,,,,,
2026-07-20,2026-10-10,17:00,Toronto Maple Leafs,Sat,82,TBD,ticketmaster,offsale,,,,,,,,,,,
2026-07-20,2026-10-14,19:30,Dallas Stars,Wed,86,TBD,ticketmaster,offsale,,,,,,,,,,,
2026-07-20,2027-01-24,15:00,Dallas Stars,Sun,188,TBD,ticketmaster,offsale,,,,,,,,,,,
2026-07-20,2026-12-16,19:00,New York Islanders,Wed,149,TBD,ticketmaster,offsale,,,,,,,,,,,
2026-07-20,2026-10-23,19:00,Tampa Bay Lightning,Fri,95,TBD,ticketmaster,offsale,,,,,,,,,,,
2026-07-20,2026-10-28,19:00,New Jersey Devils,Wed,100,TBD,ticketmaster,offsale,,,,,,,,,,,
2026-07-20,2027-02-15,13:00,Columbus Blue Jackets,Mon,210,TBD,ticketmaster,offsale,,,,,,,,,,,
2026-07-20,2026-11-28,19:00,San Jose Sharks,Sat,131,TBD,ticketmaster,offsale,,,,,,,,,,,
2026-07-20,2026-09-30,20:00,Los Angeles Kings,Wed,72,TBD,ticketmaster,offsale,,,,,,,,,,,
2026-07-20,2026-10-03,19:00,St. Louis Blues,Sat,75,TBD,ticketmaster,offsale,,,,,,,,,,,
2026-07-20,2026-10-31,20:00,Calgary Flames,Sat,103,TBD,ticketmaster,offsale,,,,,,,,,,,
2026-07-20,2026-11-25,19:30,Montreal Canadiens,Wed,128,TBD,ticketmaster,offsale,,,,,,,,,,,
2026-07-20,2026-12-29,19:00,St. Louis Blues,Tue,162,TBD,ticketmaster,offsale,,,,,,,,,,,
2026-07-20,2026-09-20,17:00,Utah Mammoth,Sun,62,TBD,ticketmaster,offsale,,,,,,,,,,,
2026-07-20,2026-09-25,18:30,Winnipeg Jets,Fri,67,TBD,ticketmaster,offsale,,,,,,,,,,,
2026-07-20,2026-12-18,19:00,Carolina Hurricanes,Fri,151,TBD,ticketmaster,offsale,,,,,,,,,,,
2026-07-20,2026-12-20,18:00,Seattle Kraken,Sun,153,TBD,ticketmaster,offsale,,,,,,,,,,,
2026-07-20,2026-11-05,19:00,Nashville Predators,Thu,108,TBD,ticketmaster,offsale,,,,,,,,,,,
2026-07-20,2027-01-08,19:00,Seattle Kraken,Fri,172,TBD,ticketmaster,offsale,,,,,,,,,,,
2026-07-20,2026-12-14,19:00,Utah Mammoth,Mon,147,TBD,ticketmaster,offsale,,,,,,,,,,,
2026-07-20,2027-01-04,19:00,Vegas Golden Knights,Mon,168,TBD,ticketmaster,offsale,,,,,,,,,,,
2026-07-20,2027-01-06,19:30,Ottawa Senators,Wed,170,TBD,ticketmaster,offsale,,,,,,,,,,,
2026-07-20,2027-01-10,18:00,Nashville Predators,Sun,174,TBD,ticketmaster,offsale,,,,,,,,,,,
2026-07-20,2027-01-18,13:00,Vancouver Canucks,Mon,182,TBD,ticketmaster,offsale,,,,,,,,,,,
2026-07-20,2027-03-17,19:00,Minnesota Wild,Wed,240,TBD,ticketmaster,offsale,,,,,,,,,,,
2026-07-20,2027-01-26,19:00,Edmonton Oilers,Tue,190,TBD,ticketmaster,offsale,,,,,,,,,,,
2026-07-20,2027-01-30,15:00,Buffalo Sabres,Sat,194,TBD,ticketmaster,offsale,,,,,,,,,,,
2026-07-20,2027-02-22,19:00,Vegas Golden Knights,Mon,217,TBD,ticketmaster,offsale,,,,,,,,,,,
2026-07-20,2027-02-25,20:30,Winnipeg Jets,Thu,220,TBD,ticketmaster,offsale,,,,,,,,,,,
2026-07-20,2027-02-27,17:00,Florida Panthers,Sat,222,TBD,ticketmaster,offsale,,,,,,,,,,,
2026-07-20,2027-04-10,13:00,Minnesota Wild,Sat,264,TBD,ticketmaster,offsale,,,,,,,,,,,
2026-07-20,2027-03-09,19:00,Philadelphia Flyers,Tue,232,TBD,ticketmaster,offsale,,,,,,,,,,,
2026-07-20,2027-03-15,19:30,Edmonton Oilers,Mon,238,TBD,ticketmaster,offsale,,,,,,,,,,,
2026-07-20,2027-04-02,19:00,Los Angeles Kings,Fri,256,TBD,ticketmaster,offsale,,,,,,,,,,,
2026-07-20,2027-03-23,19:00,Utah Mammoth,Tue,246,TBD,ticketmaster,offsale,,,,,,,,,,,
2026-07-20,2027-03-27,17:00,Winnipeg Jets,Sat,250,TBD,ticketmaster,offsale,,,,,,,,,,,
2026-07-21,2027-01-20,19:00,Boston Bruins,Wed,183,TBD,ticketmaster,offsale,,,,,,,,,,,
2026-07-21,2026-10-16,19:00,Pittsburgh Penguins,Fri,87,TBD,ticketmaster,offsale,,,,,,,,,,,
2026-07-21,2027-03-13,16:00,Chicago Blackhawks,Sat,235,TBD,ticketmaster,offsale,,,,,,,,,,,
2026-07-21,2027-03-21,15:00,Chicago Blackhawks,Sun,243,TBD,ticketmaster,offsale,,,,,,,,,,,
2026-07-21,2026-11-19,19:00,Anaheim Ducks,Thu,121,TBD,ticketmaster,offsale,,,,,,,,,,,
2026-07-21,2026-11-07,19:00,Detroit Red Wings,Sat,109,TBD,ticketmaster,offsale,,,,,,,,,,,
2026-07-21,2026-12-12,19:00,Washington Capitals,Sat,144,TBD,ticketmaster,offsale,,,,,,,,,,,
2026-07-21,2027-03-11,19:30,New York Rangers,Thu,233,TBD,ticketmaster,offsale,,,,,,,,,,,
2026-07-21,2026-10-10,17:00,Toronto Maple Leafs,Sat,81,TBD,ticketmaster,offsale,,,,,,,,,,,
2026-07-21,2026-10-14,19:30,Dallas Stars,Wed,85,TBD,ticketmaster,offsale,,,,,,,,,,,
2026-07-21,2027-01-24,15:00,Dallas Stars,Sun,187,TBD,ticketmaster,offsale,,,,,,,,,,,
2026-07-21,2026-12-16,19:00,New York Islanders,Wed,148,TBD,ticketmaster,offsale,,,,,,,,,,,
2026-07-21,2026-10-23,19:00,Tampa Bay Lightning,Fri,94,TBD,ticketmaster,offsale,,,,,,,,,,,
2026-07-21,2026-10-28,19:00,New Jersey Devils,Wed,99,TBD,ticketmaster,offsale,,,,,,,,,,,
2026-07-21,2027-02-15,13:00,Columbus Blue Jackets,Mon,209,TBD,ticketmaster,offsale,,,,,,,,,,,
2026-07-21,2026-11-28,19:00,San Jose Sharks,Sat,130,TBD,ticketmaster,offsale,,,,,,,,,,,
2026-07-21,2026-09-30,20:00,Los Angeles Kings,Wed,71,TBD,ticketmaster,offsale,,,,,,,,,,,
2026-07-21,2026-10-03,19:00,St. Louis Blues,Sat,74,TBD,ticketmaster,offsale,,,,,,,,,,,
2026-07-21,2026-10-31,20:00,Calgary Flames,Sat,102,TBD,ticketmaster,offsale,,,,,,,,,,,
2026-07-21,2026-11-25,19:30,Montreal Canadiens,Wed,127,TBD,ticketmaster,offsale,,,,,,,,,,,
2026-07-21,2026-09-20,17:00,Utah Mammoth,Sun,61,TBD,ticketmaster,offsale,,,,,,,,,,,
2026-07-21,2026-09-25,18:30,Winnipeg Jets,Fri,66,TBD,ticketmaster,offsale,,,,,,,,,,,
2026-07-21,2026-12-29,19:00,St. Louis Blues,Tue,161,TBD,ticketmaster,offsale,,,,,,,,,,,
2026-07-21,2026-12-20,18:00,Seattle Kraken,Sun,152,TBD,ticketmaster,offsale,,,,,,,,,,,
2026-07-21,2026-11-05,19:00,Nashville Predators,Thu,107,TBD,ticketmaster,offsale,,,,,,,,,,,
2026-07-21,2026-12-18,19:00,Carolina Hurricanes,Fri,150,TBD,ticketmaster,offsale,,,,,,,,,,,
2026-07-21,2026-12-14,19:00,Utah Mammoth,Mon,146,TBD,ticketmaster,offsale,,,,,,,,,,,
2026-07-21,2027-01-08,19:00,Seattle Kraken,Fri,171,TBD,ticketmaster,offsale,,,,,,,,,,,
2026-07-21,2027-01-04,19:00,Vegas Golden Knights,Mon,167,TBD,ticketmaster,offsale,,,,,,,,,,,
2026-07-21,2027-01-06,19:30,Ottawa Senators,Wed,169,TBD,ticketmaster,offsale,,,,,,,,,,,
2026-07-21,2027-01-10,18:00,Nashville Predators,Sun,173,TBD,ticketmaster,offsale,,,,,,,,,,,
2026-07-21,2027-01-18,13:00,Vancouver Canucks,Mon,181,TBD,ticketmaster,offsale,,,,,,,,,,,
2026-07-21,2027-03-17,19:00,Minnesota Wild,Wed,239,TBD,ticketmaster,offsale,,,,,,,,,,,
2026-07-21,2027-01-26,19:00,Edmonton Oilers,Tue,189,TBD,ticketmaster,offsale,,,,,,,,,,,
2026-07-21,2027-01-30,15:00,Buffalo Sabres,Sat,193,TBD,ticketmaster,offsale,,,,,,,,,,,
2026-07-21,2027-02-22,19:00,Vegas Golden Knights,Mon,216,TBD,ticketmaster,offsale,,,,,,,,,,,
2026-07-21,2027-02-25,20:30,Winnipeg Jets,Thu,219,TBD,ticketmaster,offsale,,,,,,,,,,,
2026-07-21,2027-02-27,17:00,Florida Panthers,Sat,221,TBD,ticketmaster,offsale,,,,,,,,,,,
2026-07-21,2027-04-10,13:00,Minnesota Wild,Sat,263,TBD,ticketmaster,offsale,,,,,,,,,,,
2026-07-21,2027-03-09,19:00,Philadelphia Flyers,Tue,231,TBD,ticketmaster,offsale,,,,,,,,,,,
2026-07-21,2027-03-15,19:30,Edmonton Oilers,Mon,237,TBD,ticketmaster,offsale,,,,,,,,,,,
2026-07-21,2027-03-23,19:00,Utah Mammoth,Tue,245,TBD,ticketmaster,offsale,,,,,,,,,,,
2026-07-21,2027-03-27,17:00,Winnipeg Jets,Sat,249,TBD,ticketmaster,offsale,,,,,,,,,,,
2026-07-21,2027-04-02,19:00,Los Angeles Kings,Fri,255,TBD,ticketmaster,offsale,,,,,,,,,,,
2026-07-22,2027-01-20,19:00,Boston Bruins,Wed,182,TBD,ticketmaster,offsale,,,,,,,,,,,
2026-07-22,2026-10-16,19:00,Pittsburgh Penguins,Fri,86,TBD,ticketmaster,offsale,,,,,,,,,,,
2026-07-22,2027-03-13,16:00,Chicago Blackhawks,Sat,234,TBD,ticketmaster,offsale,,,,,,,,,,,
2026-07-22,2027-03-21,15:00,Chicago Blackhawks,Sun,242,TBD,ticketmaster,offsale,,,,,,,,,,,
2026-07-22,2026-11-19,19:00,Anaheim Ducks,Thu,120,TBD,ticketmaster,offsale,,,,,,,,,,,
2026-07-22,2026-11-07,19:00,Detroit Red Wings,Sat,108,TBD,ticketmaster,offsale,,,,,,,,,,,
2026-07-22,2026-12-12,19:00,Washington Capitals,Sat,143,TBD,ticketmaster,offsale,,,,,,,,,,,
2026-07-22,2027-03-11,19:30,New York Rangers,Thu,232,TBD,ticketmaster,offsale,,,,,,,,,,,
2026-07-22,2026-10-10,17:00,Toronto Maple Leafs,Sat,80,TBD,ticketmaster,offsale,,,,,,,,,,,
2026-07-22,2026-10-14,19:30,Dallas Stars,Wed,84,TBD,ticketmaster,offsale,,,,,,,,,,,
2026-07-22,2027-01-24,15:00,Dallas Stars,Sun,186,TBD,ticketmaster,offsale,,,,,,,,,,,
2026-07-22,2026-12-16,19:00,New York Islanders,Wed,147,TBD,ticketmaster,offsale,,,,,,,,,,,
2026-07-22,2026-10-23,19:00,Tampa Bay Lightning,Fri,93,TBD,ticketmaster,offsale,,,,,,,,,,,
2026-07-22,2026-10-28,19:00,New Jersey Devils,Wed,98,TBD,ticketmaster,offsale,,,,,,,,,,,
2026-07-22,2027-02-15,13:00,Columbus Blue Jackets,Mon,208,TBD,ticketmaster,offsale,,,,,,,,,,,
2026-07-22,2026-11-28,19:00,San Jose Sharks,Sat,129,TBD,ticketmaster,offsale,,,,,,,,,,,
2026-07-22,2026-10-03,19:00,St. Louis Blues,Sat,73,TBD,ticketmaster,offsale,,,,,,,,,,,
2026-07-22,2026-09-30,20:00,Los Angeles Kings,Wed,70,TBD,ticketmaster,offsale,,,,,,,,,,,
2026-07-22,2026-09-20,17:00,Utah Mammoth,Sun,60,TBD,ticketmaster,offsale,,,,,,,,,,,
2026-07-22,2026-12-29,19:00,St. Louis Blues,Tue,160,TBD,ticketmaster,offsale,,,,,,,,,,,
2026-07-22,2026-12-20,18:00,Seattle Kraken,Sun,151,TBD,ticketmaster,offsale,,,,,,,,,,,
2026-07-22,2026-10-31,20:00,Calgary Flames,Sat,101,TBD,ticketmaster,offsale,,,,,,,,,,,
2026-07-22,2026-09-25,18:30,Winnipeg Jets,Fri,65,TBD,ticketmaster,offsale,,,,,,,,,,,
2026-07-22,2026-11-25,19:30,Montreal Canadiens,Wed,126,TBD,ticketmaster,offsale,,,,,,,,,,,
2026-07-22,2027-02-25,20:30,Winnipeg Jets,Thu,218,TBD,ticketmaster,offsale,,,,,,,,,,,
2026-07-22,2026-12-18,19:00,Carolina Hurricanes,Fri,149,TBD,ticketmaster,offsale,,,,,,,,,,,
2026-07-22,2026-11-05,19:00,Nashville Predators,Thu,106,TBD,ticketmaster,offsale,,,,,,,,,,,
2026-07-22,2027-01-04,19:00,Vegas Golden Knights,Mon,166,TBD,ticketmaster,offsale,,,,,,,,,,,
2026-07-22,2027-01-08,19:00,Seattle Kraken,Fri,170,TBD,ticketmaster,offsale,,,,,,,,,,,
2026-07-22,2026-12-14,19:00,Utah Mammoth,Mon,145,TBD,ticketmaster,offsale,,,,,,,,,,,
2026-07-22,2027-01-06,19:30,Ottawa Senators,Wed,168,TBD,ticketmaster,offsale,,,,,,,,,,,
2026-07-22,2027-04-02,19:00,Los Angeles Kings,Fri,254,TBD,ticketmaster,offsale,,,,,,,,,,,
2026-07-22,2027-01-10,18:00,Nashville Predators,Sun,172,TBD,ticketmaster,offsale,,,,,,,,,,,
2026-07-22,2027-03-17,19:00,Minnesota Wild,Wed,238,TBD,ticketmaster,offsale,,,,,,,,,,,
2026-07-22,2027-02-27,17:00,Florida Panthers,Sat,220,TBD,ticketmaster,offsale,,,,,,,,,,,
2026-07-22,2027-01-26,19:00,Edmonton Oilers,Tue,188,TBD,ticketmaster,offsale,,,,,,,,,,,
2026-07-22,2027-01-18,13:00,Vancouver Canucks,Mon,180,TBD,ticketmaster,offsale,,,,,,,,,,,
2026-07-22,2027-01-30,15:00,Buffalo Sabres,Sat,192,TBD,ticketmaster,offsale,,,,,,,,,,,
2026-07-22,2027-02-22,19:00,Vegas Golden Knights,Mon,215,TBD,ticketmaster,offsale,,,,,,,,,,,
2026-07-22,2027-04-10,13:00,Minnesota Wild,Sat,262,TBD,ticketmaster,offsale,,,,,,,,,,,
2026-07-22,2027-03-09,19:00,Philadelphia Flyers,Tue,230,TBD,ticketmaster,offsale,,,,,,,,,,,
2026-07-22,2027-03-15,19:30,Edmonton Oilers,Mon,236,TBD,ticketmaster,offsale,,,,,,,,,,,
2026-07-22,2027-03-23,19:00,Utah Mammoth,Tue,244,TBD,ticketmaster,offsale,,,,,,,,,,,
2026-07-22,2027-03-27,17:00,Winnipeg Jets,Sat,248,TBD,ticketmaster,offsale,,,,,,,,,,,
2026-07-23,2027-01-20,19:00,Boston Bruins,Wed,181,TBD,ticketmaster,offsale,,,,,,,,,,,
2026-07-23,2026-10-16,19:00,Pittsburgh Penguins,Fri,85,TBD,ticketmaster,offsale,,,,,,,,,,,
2026-07-23,2027-03-13,16:00,Chicago Blackhawks,Sat,233,TBD,ticketmaster,offsale,,,,,,,,,,,
2026-07-23,2027-03-21,15:00,Chicago Blackhawks,Sun,241,TBD,ticketmaster,offsale,,,,,,,,,,,
2026-07-23,2026-11-19,19:00,Anaheim Ducks,Thu,119,TBD,ticketmaster,offsale,,,,,,,,,,,
2026-07-23,2026-11-07,19:00,Detroit Red Wings,Sat,107,TBD,ticketmaster,offsale,,,,,,,,,,,
2026-07-23,2026-12-12,19:00,Washington Capitals,Sat,142,TBD,ticketmaster,offsale,,,,,,,,,,,
2026-07-23,2027-03-11,19:30,New York Rangers,Thu,231,TBD,ticketmaster,offsale,,,,,,,,,,,
2026-07-23,2026-10-10,17:00,Toronto Maple Leafs,Sat,79,TBD,ticketmaster,offsale,,,,,,,,,,,
2026-07-23,2026-10-14,19:30,Dallas Stars,Wed,83,TBD,ticketmaster,offsale,,,,,,,,,,,
2026-07-23,2027-01-24,15:00,Dallas Stars,Sun,185,TBD,ticketmaster,offsale,,,,,,,,,,,
2026-07-23,2026-12-16,19:00,New York Islanders,Wed,146,TBD,ticketmaster,offsale,,,,,,,,,,,
2026-07-23,2026-10-23,19:00,Tampa Bay Lightning,Fri,92,TBD,ticketmaster,offsale,,,,,,,,,,,
2026-07-23,2026-10-28,19:00,New Jersey Devils,Wed,97,TBD,ticketmaster,offsale,,,,,,,,,,,
2026-07-23,2027-02-15,13:00,Columbus Blue Jackets,Mon,207,TBD,ticketmaster,offsale,,,,,,,,,,,
2026-07-23,2026-11-28,19:00,San Jose Sharks,Sat,128,TBD,ticketmaster,offsale,,,,,,,,,,,
2026-07-23,2026-09-30,20:00,Los Angeles Kings,Wed,69,TBD,ticketmaster,offsale,,,,,,,,,,,
2026-07-23,2026-09-20,17:00,Utah Mammoth,Sun,59,TBD,ticketmaster,offsale,,,,,,,,,,,
2026-07-23,2026-10-03,19:00,St. Louis Blues,Sat,72,TBD,ticketmaster,offsale,,,,,,,,,,,
2026-07-23,2026-09-25,18:30,Winnipeg Jets,Fri,64,TBD,ticketmaster,offsale,,,,,,,,,,,
2026-07-23,2026-10-31,20:00,Calgary Flames,Sat,100,TBD,ticketmaster,offsale,,,,,,,,,,,
2026-07-23,2026-11-25,19:30,Montreal Canadiens,Wed,125,TBD,ticketmaster,offsale,,,,,,,,,,,
2026-07-23,2026-12-29,19:00,St. Louis Blues,Tue,159,TBD,ticketmaster,offsale,,,,,,,,,,,
2026-07-23,2026-12-20,18:00,Seattle Kraken,Sun,150,TBD,ticketmaster,offsale,,,,,,,,,,,
2026-07-23,2026-12-18,19:00,Carolina Hurricanes,Fri,148,TBD,ticketmaster,offsale,,,,,,,,,,,
2026-07-23,2026-11-05,19:00,Nashville Predators,Thu,105,TBD,ticketmaster,offsale,,,,,,,,,,,
2026-07-23,2027-01-04,19:00,Vegas Golden Knights,Mon,165,TBD,ticketmaster,offsale,,,,,,,,,,,
2026-07-23,2026-12-14,19:00,Utah Mammoth,Mon,144,TBD,ticketmaster,offsale,,,,,,,,,,,
2026-07-23,2027-01-08,19:00,Seattle Kraken,Fri,169,TBD,ticketmaster,offsale,,,,,,,,,,,
2026-07-23,2027-01-06,19:30,Ottawa Senators,Wed,167,TBD,ticketmaster,offsale,,,,,,,,,,,
2026-07-23,2027-01-26,19:00,Edmonton Oilers,Tue,187,TBD,ticketmaster,offsale,,,,,,,,,,,
2026-07-23,2027-01-10,18:00,Nashville Predators,Sun,171,TBD,ticketmaster,offsale,,,,,,,,,,,
2026-07-23,2027-01-18,13:00,Vancouver Canucks,Mon,179,TBD,ticketmaster,offsale,,,,,,,,,,,
2026-07-23,2027-03-17,19:00,Minnesota Wild,Wed,237,TBD,ticketmaster,offsale,,,,,,,,,,,
2026-07-23,2027-01-30,15:00,Buffalo Sabres,Sat,191,TBD,ticketmaster,offsale,,,,,,,,,,,
2026-07-23,2027-02-27,17:00,Florida Panthers,Sat,219,TBD,ticketmaster,offsale,,,,,,,,,,,
2026-07-23,2027-02-25,20:30,Winnipeg Jets,Thu,217,TBD,ticketmaster,offsale,,,,,,,,,,,
2026-07-23,2027-02-22,19:00,Vegas Golden Knights,Mon,214,TBD,ticketmaster,offsale,,,,,,,,,,,
2026-07-23,2027-04-10,13:00,Minnesota Wild,Sat,261,TBD,ticketmaster,offsale,,,,,,,,,,,
2026-07-23,2027-03-09,19:00,Philadelphia Flyers,Tue,229,TBD,ticketmaster,offsale,,,,,,,,,,,
2026-07-23,2027-03-15,19:30,Edmonton Oilers,Mon,235,TBD,ticketmaster,offsale,,,,,,,,,,,
2026-07-23,2027-04-02,19:00,Los Angeles Kings,Fri,253,TBD,ticketmaster,offsale,,,,,,,,,,,
2026-07-23,2027-03-23,19:00,Utah Mammoth,Tue,243,TBD,ticketmaster,offsale,,,,,,,,,,,
2026-07-23,2027-03-27,17:00,Winnipeg Jets,Sat,247,TBD,ticketmaster,offsale,,,,,,,,,,,
2026-07-24,2027-01-20,19:00,Boston Bruins,Wed,180,TBD,ticketmaster,offsale,,,,,,,,,,,
2026-07-24,2026-10-16,19:00,Pittsburgh Penguins,Fri,84,TBD,ticketmaster,offsale,,,,,,,,,,,
2026-07-24,2027-03-13,16:00,Chicago Blackhawks,Sat,232,TBD,ticketmaster,offsale,,,,,,,,,,,
2026-07-24,2027-03-21,15:00,Chicago Blackhawks,Sun,240,TBD,ticketmaster,offsale,,,,,,,,,,,
2026-07-24,2026-11-19,19:00,Anaheim Ducks,Thu,118,TBD,ticketmaster,offsale,,,,,,,,,,,
2026-07-24,2026-11-07,19:00,Detroit Red Wings,Sat,106,TBD,ticketmaster,offsale,,,,,,,,,,,
2026-07-24,2026-12-12,19:00,Washington Capitals,Sat,141,TBD,ticketmaster,offsale,,,,,,,,,,,
2026-07-24,2027-03-11,19:30,New York Rangers,Thu,230,TBD,ticketmaster,offsale,,,,,,,,,,,
2026-07-24,2026-10-10,17:00,Toronto Maple Leafs,Sat,78,TBD,ticketmaster,offsale,,,,,,,,,,,
2026-07-24,2026-10-14,19:30,Dallas Stars,Wed,82,TBD,ticketmaster,offsale,,,,,,,,,,,
2026-07-24,2027-01-24,15:00,Dallas Stars,Sun,184,TBD,ticketmaster,offsale,,,,,,,,,,,
2026-07-24,2026-12-16,19:00,New York Islanders,Wed,145,TBD,ticketmaster,offsale,,,,,,,,,,,
2026-07-24,2026-10-23,19:00,Tampa Bay Lightning,Fri,91,TBD,ticketmaster,offsale,,,,,,,,,,,
2026-07-24,2026-10-28,19:00,New Jersey Devils,Wed,96,TBD,ticketmaster,offsale,,,,,,,,,,,
2026-07-24,2027-02-15,13:00,Columbus Blue Jackets,Mon,206,TBD,ticketmaster,offsale,,,,,,,,,,,
2026-07-24,2026-11-28,19:00,San Jose Sharks,Sat,127,TBD,ticketmaster,offsale,,,,,,,,,,,
2026-07-24,2026-09-30,20:00,Los Angeles Kings,Wed,68,TBD,ticketmaster,offsale,,,,,,,,,,,
2026-07-24,2026-09-20,17:00,Utah Mammoth,Sun,58,TBD,ticketmaster,offsale,,,,,,,,,,,
2026-07-24,2026-10-03,19:00,St. Louis Blues,Sat,71,TBD,ticketmaster,offsale,,,,,,,,,,,
2026-07-24,2026-09-25,18:30,Winnipeg Jets,Fri,63,TBD,ticketmaster,offsale,,,,,,,,,,,
2026-07-24,2026-12-29,19:00,St. Louis Blues,Tue,158,TBD,ticketmaster,offsale,,,,,,,,,,,
2026-07-24,2026-10-31,20:00,Calgary Flames,Sat,99,TBD,ticketmaster,offsale,,,,,,,,,,,
2026-07-24,2026-11-25,19:30,Montreal Canadiens,Wed,124,TBD,ticketmaster,offsale,,,,,,,,,,,
2026-07-24,2026-12-18,19:00,Carolina Hurricanes,Fri,147,TBD,ticketmaster,offsale,,,,,,,,,,,
2026-07-24,2026-11-05,19:00,Nashville Predators,Thu,104,TBD,ticketmaster,offsale,,,,,,,,,,,
2026-07-24,2026-12-20,18:00,Seattle Kraken,Sun,149,TBD,ticketmaster,offsale,,,,,,,,,,,
2026-07-24,2027-01-04,19:00,Vegas Golden Knights,Mon,164,TBD,ticketmaster,offsale,,,,,,,,,,,
2026-07-24,2026-12-14,19:00,Utah Mammoth,Mon,143,TBD,ticketmaster,offsale,,,,,,,,,,,
2026-07-24,2027-01-08,19:00,Seattle Kraken,Fri,168,TBD,ticketmaster,offsale,,,,,,,,,,,
2026-07-24,2027-02-27,17:00,Florida Panthers,Sat,218,TBD,ticketmaster,offsale,,,,,,,,,,,
2026-07-24,2027-01-06,19:30,Ottawa Senators,Wed,166,TBD,ticketmaster,offsale,,,,,,,,,,,
2026-07-24,2027-01-10,18:00,Nashville Predators,Sun,170,TBD,ticketmaster,offsale,,,,,,,,,,,
2026-07-24,2027-01-26,19:00,Edmonton Oilers,Tue,186,TBD,ticketmaster,offsale,,,,,,,,,,,
2026-07-24,2027-03-17,19:00,Minnesota Wild,Wed,236,TBD,ticketmaster,offsale,,,,,,,,,,,
2026-07-24,2027-01-18,13:00,Vancouver Canucks,Mon,178,TBD,ticketmaster,offsale,,,,,,,,,,,
2026-07-24,2027-04-10,13:00,Minnesota Wild,Sat,260,TBD,ticketmaster,offsale,,,,,,,,,,,
2026-07-24,2027-01-30,15:00,Buffalo Sabres,Sat,190,TBD,ticketmaster,offsale,,,,,,,,,,,
2026-07-24,2027-02-25,20:30,Winnipeg Jets,Thu,216,TBD,ticketmaster,offsale,,,,,,,,,,,
2026-07-24,2027-02-22,19:00,Vegas Golden Knights,Mon,213,TBD,ticketmaster,offsale,,,,,,,,,,,
2026-07-24,2027-03-09,19:00,Philadelphia Flyers,Tue,228,TBD,ticketmaster,offsale,,,,,,,,,,,
2026-07-24,2027-03-15,19:30,Edmonton Oilers,Mon,234,TBD,ticketmaster,offsale,,,,,,,,,,,
2026-07-24,2027-03-23,19:00,Utah Mammoth,Tue,242,TBD,ticketmaster,offsale,,,,,,,,,,,
2026-07-24,2027-04-02,19:00,Los Angeles Kings,Fri,252,TBD,ticketmaster,offsale,,,,,,,,,,,
2026-07-24,2027-03-27,17:00,Winnipeg Jets,Sat,246,TBD,ticketmaster,offsale,,,,,,,,,,,
2026-07-25,2027-01-20,19:00,Boston Bruins,Wed,179,TBD,ticketmaster,offsale,,,,,,,,,,,
2026-07-25,2026-10-16,19:00,Pittsburgh Penguins,Fri,83,TBD,ticketmaster,offsale,,,,,,,,,,,
2026-07-25,2027-03-13,16:00,Chicago Blackhawks,Sat,231,TBD,ticketmaster,offsale,,,,,,,,,,,
2026-07-25,2027-03-21,15:00,Chicago Blackhawks,Sun,239,TBD,ticketmaster,offsale,,,,,,,,,,,
2026-07-25,2026-11-19,19:00,Anaheim Ducks,Thu,117,TBD,ticketmaster,offsale,,,,,,,,,,,
2026-07-25,2026-11-07,19:00,Detroit Red Wings,Sat,105,TBD,ticketmaster,offsale,,,,,,,,,,,
2026-07-25,2026-12-12,19:00,Washington Capitals,Sat,140,TBD,ticketmaster,offsale,,,,,,,,,,,
2026-07-25,2027-03-11,19:30,New York Rangers,Thu,229,TBD,ticketmaster,offsale,,,,,,,,,,,
2026-07-25,2026-10-10,17:00,Toronto Maple Leafs,Sat,77,TBD,ticketmaster,offsale,,,,,,,,,,,
2026-07-25,2026-10-14,19:30,Dallas Stars,Wed,81,TBD,ticketmaster,offsale,,,,,,,,,,,
2026-07-25,2027-01-24,15:00,Dallas Stars,Sun,183,TBD,ticketmaster,offsale,,,,,,,,,,,
2026-07-25,2026-12-16,19:00,New York Islanders,Wed,144,TBD,ticketmaster,offsale,,,,,,,,,,,
2026-07-25,2026-10-23,19:00,Tampa Bay Lightning,Fri,90,TBD,ticketmaster,offsale,,,,,,,,,,,
2026-07-25,2026-10-28,19:00,New Jersey Devils,Wed,95,TBD,ticketmaster,offsale,,,,,,,,,,,
2026-07-25,2027-02-15,13:00,Columbus Blue Jackets,Mon,205,TBD,ticketmaster,offsale,,,,,,,,,,,
2026-07-25,2026-11-28,19:00,San Jose Sharks,Sat,126,TBD,ticketmaster,offsale,,,,,,,,,,,
2026-07-25,2026-09-20,17:00,Utah Mammoth,Sun,57,TBD,ticketmaster,offsale,,,,,,,,,,,
2026-07-25,2026-09-30,20:00,Los Angeles Kings,Wed,67,TBD,ticketmaster,offsale,,,,,,,,,,,
2026-07-25,2026-10-03,19:00,St. Louis Blues,Sat,70,TBD,ticketmaster,offsale,,,,,,,,,,,
2026-07-25,2026-09-25,18:30,Winnipeg Jets,Fri,62,TBD,ticketmaster,offsale,,,,,,,,,,,
2026-07-25,2026-11-25,19:30,Montreal Canadiens,Wed,123,TBD,ticketmaster,offsale,,,,,,,,,,,
2026-07-25,2026-10-31,20:00,Calgary Flames,Sat,98,TBD,ticketmaster,offsale,,,,,,,,,,,
2026-07-25,2026-12-20,18:00,Seattle Kraken,Sun,148,TBD,ticketmaster,offsale,,,,,,,,,,,
2026-07-25,2026-12-18,19:00,Carolina Hurricanes,Fri,146,TBD,ticketmaster,offsale,,,,,,,,,,,
2026-07-25,2026-12-29,19:00,St. Louis Blues,Tue,157,TBD,ticketmaster,offsale,,,,,,,,,,,
2026-07-25,2026-11-05,19:00,Nashville Predators,Thu,103,TBD,ticketmaster,offsale,,,,,,,,,,,
2026-07-25,2027-01-04,19:00,Vegas Golden Knights,Mon,163,TBD,ticketmaster,offsale,,,,,,,,,,,
2026-07-25,2027-01-08,19:00,Seattle Kraken,Fri,167,TBD,ticketmaster,offsale,,,,,,,,,,,
2026-07-25,2027-01-30,15:00,Buffalo Sabres,Sat,189,TBD,ticketmaster,offsale,,,,,,,,,,,
2026-07-25,2026-12-14,19:00,Utah Mammoth,Mon,142,TBD,ticketmaster,offsale,,,,,,,,,,,
2026-07-25,2027-01-06,19:30,Ottawa Senators,Wed,165,TBD,ticketmaster,offsale,,,,,,,,,,,
2026-07-25,2027-01-26,19:00,Edmonton Oilers,Tue,185,TBD,ticketmaster,offsale,,,,,,,,,,,
2026-07-25,2027-01-10,18:00,Nashville Predators,Sun,169,TBD,ticketmaster,offsale,,,,,,,,,,,
2026-07-25,2027-01-18,13:00,Vancouver Canucks,Mon,177,TBD,ticketmaster,offsale,,,,,,,,,,,
2026-07-25,2027-03-17,19:00,Minnesota Wild,Wed,235,TBD,ticketmaster,offsale,,,,,,,,,,,
2026-07-25,2027-02-27,17:00,Florida Panthers,Sat,217,TBD,ticketmaster,offsale,,,,,,,,,,,
2026-07-25,2027-04-10,13:00,Minnesota Wild,Sat,259,TBD,ticketmaster,offsale,,,,,,,,,,,
2026-07-25,2027-02-25,20:30,Winnipeg Jets,Thu,215,TBD,ticketmaster,offsale,,,,,,,,,,,
2026-07-25,2027-02-22,19:00,Vegas Golden Knights,Mon,212,TBD,ticketmaster,offsale,,,,,,,,,,,
2026-07-25,2027-03-09,19:00,Philadelphia Flyers,Tue,227,TBD,ticketmaster,offsale,,,,,,,,,,,
2026-07-25,2027-03-15,19:30,Edmonton Oilers,Mon,233,TBD,ticketmaster,offsale,,,,,,,,,,,
2026-07-25,2027-03-23,19:00,Utah Mammoth,Tue,241,TBD,ticketmaster,offsale,,,,,,,,,,,
2026-07-25,2027-03-27,17:00,Winnipeg Jets,Sat,245,TBD,ticketmaster,offsale,,,,,,,,,,,
2026-07-25,2027-04-02,19:00,Los Angeles Kings,Fri,251,TBD,ticketmaster,offsale,,,,,,,,,,,
2026-07-26,2027-01-20,19:00,Boston Bruins,Wed,178,TBD,ticketmaster,offsale,,,,,,,,,,,
2026-07-26,2026-10-16,19:00,Pittsburgh Penguins,Fri,82,TBD,ticketmaster,offsale,,,,,,,,,,,
2026-07-26,2027-03-13,16:00,Chicago Blackhawks,Sat,230,TBD,ticketmaster,offsale,,,,,,,,,,,
2026-07-26,2027-03-21,15:00,Chicago Blackhawks,Sun,238,TBD,ticketmaster,offsale,,,,,,,,,,,
2026-07-26,2026-11-19,19:00,Anaheim Ducks,Thu,116,TBD,ticketmaster,offsale,,,,,,,,,,,
2026-07-26,2026-11-07,19:00,Detroit Red Wings,Sat,104,TBD,ticketmaster,offsale,,,,,,,,,,,
2026-07-26,2026-12-12,19:00,Washington Capitals,Sat,139,TBD,ticketmaster,offsale,,,,,,,,,,,
2026-07-26,2027-03-11,19:30,New York Rangers,Thu,228,TBD,ticketmaster,offsale,,,,,,,,,,,
2026-07-26,2026-10-10,17:00,Toronto Maple Leafs,Sat,76,TBD,ticketmaster,offsale,,,,,,,,,,,
2026-07-26,2026-10-14,19:30,Dallas Stars,Wed,80,TBD,ticketmaster,offsale,,,,,,,,,,,
2026-07-26,2027-01-24,15:00,Dallas Stars,Sun,182,TBD,ticketmaster,offsale,,,,,,,,,,,
2026-07-26,2026-12-16,19:00,New York Islanders,Wed,143,TBD,ticketmaster,offsale,,,,,,,,,,,
2026-07-26,2026-10-23,19:00,Tampa Bay Lightning,Fri,89,TBD,ticketmaster,offsale,,,,,,,,,,,
2026-07-26,2026-10-28,19:00,New Jersey Devils,Wed,94,TBD,ticketmaster,offsale,,,,,,,,,,,
2026-07-26,2027-02-15,13:00,Columbus Blue Jackets,Mon,204,TBD,ticketmaster,offsale,,,,,,,,,,,
2026-07-26,2026-11-28,19:00,San Jose Sharks,Sat,125,TBD,ticketmaster,offsale,,,,,,,,,,,
2026-07-26,2026-09-20,17:00,Utah Mammoth,Sun,56,TBD,ticketmaster,offsale,,,,,,,,,,,
2026-07-26,2026-09-30,20:00,Los Angeles Kings,Wed,66,TBD,ticketmaster,offsale,,,,,,,,,,,
2026-07-26,2026-10-03,19:00,St. Louis Blues,Sat,69,TBD,ticketmaster,offsale,,,,,,,,,,,
2026-07-26,2026-09-25,18:30,Winnipeg Jets,Fri,61,TBD,ticketmaster,offsale,,,,,,,,,,,
2026-07-26,2026-10-31,20:00,Calgary Flames,Sat,97,TBD,ticketmaster,offsale,,,,,,,,,,,
2026-07-26,2026-11-25,19:30,Montreal Canadiens,Wed,122,TBD,ticketmaster,offsale,,,,,,,,,,,
2026-07-26,2026-12-29,19:00,St. Louis Blues,Tue,156,TBD,ticketmaster,offsale,,,,,,,,,,,
2026-07-26,2026-12-18,19:00,Carolina Hurricanes,Fri,145,TBD,ticketmaster,offsale,,,,,,,,,,,
2026-07-26,2026-12-20,18:00,Seattle Kraken,Sun,147,TBD,ticketmaster,offsale,,,,,,,,,,,
2026-07-26,2026-11-05,19:00,Nashville Predators,Thu,102,TBD,ticketmaster,offsale,,,,,,,,,,,
2026-07-26,2026-12-14,19:00,Utah Mammoth,Mon,141,TBD,ticketmaster,offsale,,,,,,,,,,,
2026-07-26,2027-01-04,19:00,Vegas Golden Knights,Mon,162,TBD,ticketmaster,offsale,,,,,,,,,,,
2026-07-26,2027-01-08,19:00,Seattle Kraken,Fri,166,TBD,ticketmaster,offsale,,,,,,,,,,,
2026-07-26,2027-01-06,19:30,Ottawa Senators,Wed,164,TBD,ticketmaster,offsale,,,,,,,,,,,
2026-07-26,2027-01-30,15:00,Buffalo Sabres,Sat,188,TBD,ticketmaster,offsale,,,,,,,,,,,
2026-07-26,2027-01-26,19:00,Edmonton Oilers,Tue,184,TBD,ticketmaster,offsale,,,,,,,,,,,
2026-07-26,2027-01-10,18:00,Nashville Predators,Sun,168,TBD,ticketmaster,offsale,,,,,,,,,,,
2026-07-26,2027-01-18,13:00,Vancouver Canucks,Mon,176,TBD,ticketmaster,offsale,,,,,,,,,,,
2026-07-26,2027-03-17,19:00,Minnesota Wild,Wed,234,TBD,ticketmaster,offsale,,,,,,,,,,,
2026-07-26,2027-02-27,17:00,Florida Panthers,Sat,216,TBD,ticketmaster,offsale,,,,,,,,,,,
2026-07-26,2027-04-10,13:00,Minnesota Wild,Sat,258,TBD,ticketmaster,offsale,,,,,,,,,,,
2026-07-26,2027-02-25,20:30,Winnipeg Jets,Thu,214,TBD,ticketmaster,offsale,,,,,,,,,,,
2026-07-26,2027-02-22,19:00,Vegas Golden Knights,Mon,211,TBD,ticketmaster,offsale,,,,,,,,,,,
2026-07-26,2027-03-09,19:00,Philadelphia Flyers,Tue,226,TBD,ticketmaster,offsale,,,,,,,,,,,
2026-07-26,2027-03-15,19:30,Edmonton Oilers,Mon,232,TBD,ticketmaster,offsale,,,,,,,,,,,
2026-07-26,2027-03-23,19:00,Utah Mammoth,Tue,240,TBD,ticketmaster,offsale,,,,,,,,,,,
2026-07-26,2027-04-02,19:00,Los Angeles Kings,Fri,250,TBD,ticketmaster,offsale,,,,,,,,,,,
2026-07-26,2027-03-27,17:00,Winnipeg Jets,Sat,244,TBD,ticketmaster,offsale,,,,,,,,,,,
2026-07-27,2027-01-20,19:00,Boston Bruins,Wed,177,TBD,ticketmaster,offsale,,,,,,,,,,,
2026-07-27,2026-10-16,19:00,Pittsburgh Penguins,Fri,81,TBD,ticketmaster,offsale,,,,,,,,,,,
2026-07-27,2027-03-13,16:00,Chicago Blackhawks,Sat,229,TBD,ticketmaster,offsale,,,,,,,,,,,
2026-07-27,2027-03-21,15:00,Chicago Blackhawks,Sun,237,TBD,ticketmaster,offsale,,,,,,,,,,,
2026-07-27,2026-11-19,19:00,Anaheim Ducks,Thu,115,TBD,ticketmaster,offsale,,,,,,,,,,,
2026-07-27,2026-11-07,19:00,Detroit Red Wings,Sat,103,TBD,ticketmaster,offsale,,,,,,,,,,,
2026-07-27,2026-12-12,19:00,Washington Capitals,Sat,138,TBD,ticketmaster,offsale,,,,,,,,,,,
2026-07-27,2027-03-11,19:30,New York Rangers,Thu,227,TBD,ticketmaster,offsale,,,,,,,,,,,
2026-07-27,2026-10-10,17:00,Toronto Maple Leafs,Sat,75,TBD,ticketmaster,offsale,,,,,,,,,,,
2026-07-27,2026-10-14,19:30,Dallas Stars,Wed,79,TBD,ticketmaster,offsale,,,,,,,,,,,
2026-07-27,2027-01-24,15:00,Dallas Stars,Sun,181,TBD,ticketmaster,offsale,,,,,,,,,,,
2026-07-27,2026-12-16,19:00,New York Islanders,Wed,142,TBD,ticketmaster,offsale,,,,,,,,,,,
2026-07-27,2026-10-23,19:00,Tampa Bay Lightning,Fri,88,TBD,ticketmaster,offsale,,,,,,,,,,,
2026-07-27,2026-10-28,19:00,New Jersey Devils,Wed,93,TBD,ticketmaster,offsale,,,,,,,,,,,
2026-07-27,2027-02-15,13:00,Columbus Blue Jackets,Mon,203,TBD,ticketmaster,offsale,,,,,,,,,,,
2026-07-27,2026-11-28,19:00,San Jose Sharks,Sat,124,TBD,ticketmaster,offsale,,,,,,,,,,,
2026-07-27,2026-09-30,20:00,Los Angeles Kings,Wed,65,TBD,ticketmaster,offsale,,,,,,,,,,,
2026-07-27,2026-09-25,18:30,Winnipeg Jets,Fri,60,TBD,ticketmaster,offsale,,,,,,,,,,,
2026-07-27,2026-09-20,17:00,Utah Mammoth,Sun,55,TBD,ticketmaster,offsale,,,,,,,,,,,
2026-07-27,2026-10-03,19:00,St. Louis Blues,Sat,68,TBD,ticketmaster,offsale,,,,,,,,,,,
2026-07-27,2026-10-31,20:00,Calgary Flames,Sat,96,TBD,ticketmaster,offsale,,,,,,,,,,,
2026-07-27,2026-11-25,19:30,Montreal Canadiens,Wed,121,TBD,ticketmaster,offsale,,,,,,,,,,,
2026-07-27,2026-12-29,19:00,St. Louis Blues,Tue,155,TBD,ticketmaster,offsale,,,,,,,,,,,
2026-07-27,2026-12-20,18:00,Seattle Kraken,Sun,146,TBD,ticketmaster,offsale,,,,,,,,,,,
2026-07-27,2026-11-05,19:00,Nashville Predators,Thu,101,TBD,ticketmaster,offsale,,,,,,,,,,,
2026-07-27,2026-12-18,19:00,Carolina Hurricanes,Fri,144,TBD,ticketmaster,offsale,,,,,,,,,,,
2026-07-27,2026-12-14,19:00,Utah Mammoth,Mon,140,TBD,ticketmaster,offsale,,,,,,,,,,,
2026-07-27,2027-01-04,19:00,Vegas Golden Knights,Mon,161,TBD,ticketmaster,offsale,,,,,,,,,,,
2026-07-27,2027-01-08,19:00,Seattle Kraken,Fri,165,TBD,ticketmaster,offsale,,,,,,,,,,,
2026-07-27,2027-01-30,15:00,Buffalo Sabres,Sat,187,TBD,ticketmaster,offsale,,,,,,,,,,,
2026-07-27,2027-01-06,19:30,Ottawa Senators,Wed,163,TBD,ticketmaster,offsale,,,,,,,,,,,
2026-07-27,2027-01-10,18:00,Nashville Predators,Sun,167,TBD,ticketmaster,offsale,,,,,,,,,,,
2026-07-27,2027-03-17,19:00,Minnesota Wild,Wed,233,TBD,ticketmaster,offsale,,,,,,,,,,,
2026-07-27,2027-01-26,19:00,Edmonton Oilers,Tue,183,TBD,ticketmaster,offsale,,,,,,,,,,,
2026-07-27,2027-01-18,13:00,Vancouver Canucks,Mon,175,TBD,ticketmaster,offsale,,,,,,,,,,,
2026-07-27,2027-02-27,17:00,Florida Panthers,Sat,215,TBD,ticketmaster,offsale,,,,,,,,,,,
2026-07-27,2027-04-10,13:00,Minnesota Wild,Sat,257,TBD,ticketmaster,offsale,,,,,,,,,,,
2026-07-27,2027-02-25,20:30,Winnipeg Jets,Thu,213,TBD,ticketmaster,offsale,,,,,,,,,,,
2026-07-27,2027-02-22,19:00,Vegas Golden Knights,Mon,210,TBD,ticketmaster,offsale,,,,,,,,,,,
2026-07-27,2027-03-09,19:00,Philadelphia Flyers,Tue,225,TBD,ticketmaster,offsale,,,,,,,,,,,
2026-07-27,2027-03-15,19:30,Edmonton Oilers,Mon,231,TBD,ticketmaster,offsale,,,,,,,,,,,
2026-07-27,2027-03-23,19:00,Utah Mammoth,Tue,239,TBD,ticketmaster,offsale,,,,,,,,,,,
2026-07-27,2027-03-27,17:00,Winnipeg Jets,Sat,243,TBD,ticketmaster,offsale,,,,,,,,,,,
2026-07-27,2027-04-02,19:00,Los Angeles Kings,Fri,249,TBD,ticketmaster,offsale,,,,,,,,,,,
2026-07-28,2027-01-20,19:00,Boston Bruins,Wed,176,TBD,ticketmaster,offsale,,,,,,,,,,,
2026-07-28,2026-10-16,19:00,Pittsburgh Penguins,Fri,80,TBD,ticketmaster,offsale,,,,,,,,,,,
2026-07-28,2027-03-13,16:00,Chicago Blackhawks,Sat,228,TBD,ticketmaster,offsale,,,,,,,,,,,
2026-07-28,2027-03-21,15:00,Chicago Blackhawks,Sun,236,TBD,ticketmaster,offsale,,,,,,,,,,,
2026-07-28,2026-11-19,19:00,Anaheim Ducks,Thu,114,TBD,ticketmaster,offsale,,,,,,,,,,,
2026-07-28,2026-11-07,19:00,Detroit Red Wings,Sat,102,TBD,ticketmaster,offsale,,,,,,,,,,,
2026-07-28,2026-12-12,19:00,Washington Capitals,Sat,137,TBD,ticketmaster,offsale,,,,,,,,,,,
2026-07-28,2027-03-11,19:30,New York Rangers,Thu,226,TBD,ticketmaster,offsale,,,,,,,,,,,
2026-07-28,2026-10-10,17:00,Toronto Maple Leafs,Sat,74,TBD,ticketmaster,offsale,,,,,,,,,,,
2026-07-28,2026-10-14,19:30,Dallas Stars,Wed,78,TBD,ticketmaster,offsale,,,,,,,,,,,
2026-07-28,2027-01-24,15:00,Dallas Stars,Sun,180,TBD,ticketmaster,offsale,,,,,,,,,,,
2026-07-28,2026-12-16,19:00,New York Islanders,Wed,141,TBD,ticketmaster,offsale,,,,,,,,,,,
2026-07-28,2026-10-23,19:00,Tampa Bay Lightning,Fri,87,TBD,ticketmaster,offsale,,,,,,,,,,,
2026-07-28,2026-10-28,19:00,New Jersey Devils,Wed,92,TBD,ticketmaster,offsale,,,,,,,,,,,
2026-07-28,2027-02-15,13:00,Columbus Blue Jackets,Mon,202,TBD,ticketmaster,offsale,,,,,,,,,,,
2026-07-28,2026-11-28,19:00,San Jose Sharks,Sat,123,TBD,ticketmaster,offsale,,,,,,,,,,,
2026-07-28,2026-09-30,20:00,Los Angeles Kings,Wed,64,TBD,ticketmaster,offsale,,,,,,,,,,,
2026-07-28,2026-09-20,17:00,Utah Mammoth,Sun,54,TBD,ticketmaster,offsale,,,,,,,,,,,
2026-07-28,2026-10-03,19:00,St. Louis Blues,Sat,67,TBD,ticketmaster,offsale,,,,,,,,,,,
2026-07-28,2026-09-25,18:30,Winnipeg Jets,Fri,59,TBD,ticketmaster,offsale,,,,,,,,,,,
2026-07-28,2026-10-31,20:00,Calgary Flames,Sat,95,TBD,ticketmaster,offsale,,,,,,,,,,,
2026-07-28,2026-11-25,19:30,Montreal Canadiens,Wed,120,TBD,ticketmaster,offsale,,,,,,,,,,,
2026-07-28,2026-12-20,18:00,Seattle Kraken,Sun,145,TBD,ticketmaster,offsale,,,,,,,,,,,
2026-07-28,2027-01-04,19:00,Vegas Golden Knights,Mon,160,TBD,ticketmaster,offsale,,,,,,,,,,,
2026-07-28,2026-12-29,19:00,St. Louis Blues,Tue,154,TBD,ticketmaster,offsale,,,,,,,,,,,
2026-07-28,2026-12-18,19:00,Carolina Hurricanes,Fri,143,TBD,ticketmaster,offsale,,,,,,,,,,,
2026-07-28,2026-11-05,19:00,Nashville Predators,Thu,100,TBD,ticketmaster,offsale,,,,,,,,,,,
2026-07-28,2027-01-26,19:00,Edmonton Oilers,Tue,182,TBD,ticketmaster,offsale,,,,,,,,,,,
2026-07-28,2026-12-14,19:00,Utah Mammoth,Mon,139,TBD,ticketmaster,offsale,,,,,,,,,,,
2026-07-28,2027-01-08,19:00,Seattle Kraken,Fri,164,TBD,ticketmaster,offsale,,,,,,,,,,,
2026-07-28,2027-01-06,19:30,Ottawa Senators,Wed,162,TBD,ticketmaster,offsale,,,,,,,,,,,
2026-07-28,2027-01-30,15:00,Buffalo Sabres,Sat,186,TBD,ticketmaster,offsale,,,,,,,,,,,
2026-07-28,2027-01-10,18:00,Nashville Predators,Sun,166,TBD,ticketmaster,offsale,,,,,,,,,,,
2026-07-28,2027-03-17,19:00,Minnesota Wild,Wed,232,TBD,ticketmaster,offsale,,,,,,,,,,,
2026-07-28,2027-02-22,19:00,Vegas Golden Knights,Mon,209,TBD,ticketmaster,offsale,,,,,,,,,,,
2026-07-28,2027-01-18,13:00,Vancouver Canucks,Mon,174,TBD,ticketmaster,offsale,,,,,,,,,,,
2026-07-28,2027-04-10,13:00,Minnesota Wild,Sat,256,TBD,ticketmaster,offsale,,,,,,,,,,,
2026-07-28,2027-02-27,17:00,Florida Panthers,Sat,214,TBD,ticketmaster,offsale,,,,,,,,,,,
2026-07-28,2027-02-25,20:30,Winnipeg Jets,Thu,212,TBD,ticketmaster,offsale,,,,,,,,,,,
2026-07-28,2027-03-09,19:00,Philadelphia Flyers,Tue,224,TBD,ticketmaster,offsale,,,,,,,,,,,
2026-07-28,2027-03-15,19:30,Edmonton Oilers,Mon,230,TBD,ticketmaster,offsale,,,,,,,,,,,
2026-07-28,2027-04-02,19:00,Los Angeles Kings,Fri,248,TBD,ticketmaster,offsale,,,,,,,,,,,
2026-07-28,2027-03-23,19:00,Utah Mammoth,Tue,238,TBD,ticketmaster,offsale,,,,,,,,,,,
2026-07-28,2027-03-27,17:00,Winnipeg Jets,Sat,242,TBD,ticketmaster,offsale,,,,,,,,,,,
2026-07-29,2027-01-20,19:00,Boston Bruins,Wed,175,TBD,ticketmaster,offsale,,,,,,,,,,,
2026-07-29,2026-10-16,19:00,Pittsburgh Penguins,Fri,79,TBD,ticketmaster,offsale,,,,,,,,,,,
2026-07-29,2027-03-13,16:00,Chicago Blackhawks,Sat,227,TBD,ticketmaster,offsale,,,,,,,,,,,
2026-07-29,2027-03-21,15:00,Chicago Blackhawks,Sun,235,TBD,ticketmaster,offsale,,,,,,,,,,,
2026-07-29,2026-11-19,19:00,Anaheim Ducks,Thu,113,TBD,ticketmaster,offsale,,,,,,,,,,,
2026-07-29,2026-11-07,19:00,Detroit Red Wings,Sat,101,TBD,ticketmaster,offsale,,,,,,,,,,,
2026-07-29,2026-12-12,19:00,Washington Capitals,Sat,136,TBD,ticketmaster,offsale,,,,,,,,,,,
2026-07-29,2027-03-11,19:30,New York Rangers,Thu,225,TBD,ticketmaster,offsale,,,,,,,,,,,
2026-07-29,2026-10-10,17:00,Toronto Maple Leafs,Sat,73,TBD,ticketmaster,offsale,,,,,,,,,,,
2026-07-29,2026-10-14,19:30,Dallas Stars,Wed,77,TBD,ticketmaster,offsale,,,,,,,,,,,
2026-07-29,2027-01-24,15:00,Dallas Stars,Sun,179,TBD,ticketmaster,offsale,,,,,,,,,,,
2026-07-29,2026-12-16,19:00,New York Islanders,Wed,140,TBD,ticketmaster,offsale,,,,,,,,,,,
2026-07-29,2026-10-23,19:00,Tampa Bay Lightning,Fri,86,TBD,ticketmaster,offsale,,,,,,,,,,,
2026-07-29,2026-10-28,19:00,New Jersey Devils,Wed,91,TBD,ticketmaster,offsale,,,,,,,,,,,
2026-07-29,2027-02-15,13:00,Columbus Blue Jackets,Mon,201,TBD,ticketmaster,offsale,,,,,,,,,,,
2026-07-29,2026-11-28,19:00,San Jose Sharks,Sat,122,TBD,ticketmaster,offsale,,,,,,,,,,,
2026-07-29,2026-09-20,17:00,Utah Mammoth,Sun,53,TBD,ticketmaster,offsale,,,,,,,,,,,
2026-07-29,2026-09-25,18:30,Winnipeg Jets,Fri,58,TBD,ticketmaster,offsale,,,,,,,,,,,
2026-07-29,2026-09-30,20:00,Los Angeles Kings,Wed,63,TBD,ticketmaster,offsale,,,,,,,,,,,
2026-07-29,2026-10-03,19:00,St. Louis Blues,Sat,66,TBD,ticketmaster,offsale,,,,,,,,,,,
2026-07-29,2026-10-31,20:00,Calgary Flames,Sat,94,TBD,ticketmaster,offsale,,,,,,,,,,,
2026-07-29,2026-11-25,19:30,Montreal Canadiens,Wed,119,TBD,ticketmaster,offsale,,,,,,,,,,,
2026-07-29,2026-12-29,19:00,St. Louis Blues,Tue,153,TBD,ticketmaster,offsale,,,,,,,,,,,
2026-07-29,2026-12-18,19:00,Carolina Hurricanes,Fri,142,TBD,ticketmaster,offsale,,,,,,,,,,,
2026-07-29,2026-12-20,18:00,Seattle Kraken,Sun,144,TBD,ticketmaster,offsale,,,,,,,,,,,
2026-07-29,2027-01-04,19:00,Vegas Golden Knights,Mon,159,TBD,ticketmaster,offsale,,,,,,,,,,,
2026-07-29,2026-11-05,19:00,Nashville Predators,Thu,99,TBD,ticketmaster,offsale,,,,,,,,,,,
2026-07-29,2026-12-14,19:00,Utah Mammoth,Mon,138,TBD,ticketmaster,offsale,,,,,,,,,,,
2026-07-29,2027-01-08,19:00,Seattle Kraken,Fri,163,TBD,ticketmaster,offsale,,,,,,,,,,,
2026-07-29,2027-03-09,19:00,Philadelphia Flyers,Tue,223,TBD,ticketmaster,offsale,,,,,,,,,,,
2026-07-29,2027-01-30,15:00,Buffalo Sabres,Sat,185,TBD,ticketmaster,offsale,,,,,,,,,,,
2026-07-29,2027-01-26,19:00,Edmonton Oilers,Tue,181,TBD,ticketmaster,offsale,,,,,,,,,,,
2026-07-29,2027-03-17,19:00,Minnesota Wild,Wed,231,TBD,ticketmaster,offsale,,,,,,,,,,,
2026-07-29,2027-01-06,19:30,Ottawa Senators,Wed,161,TBD,ticketmaster,offsale,,,,,,,,,,,
2026-07-29,2027-03-27,17:00,Winnipeg Jets,Sat,241,TBD,ticketmaster,offsale,,,,,,,,,,,
2026-07-29,2027-01-10,18:00,Nashville Predators,Sun,165,TBD,ticketmaster,offsale,,,,,,,,,,,
2026-07-29,2027-01-18,13:00,Vancouver Canucks,Mon,173,TBD,ticketmaster,offsale,,,,,,,,,,,
2026-07-29,2027-02-27,17:00,Florida Panthers,Sat,213,TBD,ticketmaster,offsale,,,,,,,,,,,
2026-07-29,2027-04-10,13:00,Minnesota Wild,Sat,255,TBD,ticketmaster,offsale,,,,,,,,,,,
2026-07-29,2027-02-25,20:30,Winnipeg Jets,Thu,211,TBD,ticketmaster,offsale,,,,,,,,,,,
2026-07-29,2027-02-22,19:00,Vegas Golden Knights,Mon,208,TBD,ticketmaster,offsale,,,,,,,,,,,
2026-07-29,2027-03-15,19:30,Edmonton Oilers,Mon,229,TBD,ticketmaster,offsale,,,,,,,,,,,
2026-07-29,2027-03-23,19:00,Utah Mammoth,Tue,237,TBD,ticketmaster,offsale,,,,,,,,,,,
2026-07-29,2027-04-02,19:00,Los Angeles Kings,Fri,247,TBD,ticketmaster,offsale,,,,,,,,,,,
2026-07-30,2027-01-20,19:00,Boston Bruins,Wed,174,TBD,ticketmaster,offsale,,,,,,,,,,,
2026-07-30,2026-10-16,19:00,Pittsburgh Penguins,Fri,78,TBD,ticketmaster,offsale,,,,,,,,,,,
2026-07-30,2027-03-13,16:00,Chicago Blackhawks,Sat,226,TBD,ticketmaster,offsale,,,,,,,,,,,
2026-07-30,2027-03-21,15:00,Chicago Blackhawks,Sun,234,TBD,ticketmaster,offsale,,,,,,,,,,,
2026-07-30,2026-11-19,19:00,Anaheim Ducks,Thu,112,TBD,ticketmaster,offsale,,,,,,,,,,,
2026-07-30,2026-11-07,19:00,Detroit Red Wings,Sat,100,TBD,ticketmaster,offsale,,,,,,,,,,,
2026-07-30,2026-12-12,19:00,Washington Capitals,Sat,135,TBD,ticketmaster,offsale,,,,,,,,,,,
2026-07-30,2027-03-11,19:30,New York Rangers,Thu,224,TBD,ticketmaster,offsale,,,,,,,,,,,
2026-07-30,2026-10-10,17:00,Toronto Maple Leafs,Sat,72,TBD,ticketmaster,offsale,,,,,,,,,,,
2026-07-30,2026-10-14,19:30,Dallas Stars,Wed,76,TBD,ticketmaster,offsale,,,,,,,,,,,
2026-07-30,2027-01-24,15:00,Dallas Stars,Sun,178,TBD,ticketmaster,offsale,,,,,,,,,,,
2026-07-30,2026-12-16,19:00,New York Islanders,Wed,139,TBD,ticketmaster,offsale,,,,,,,,,,,
2026-07-30,2026-10-23,19:00,Tampa Bay Lightning,Fri,85,TBD,ticketmaster,offsale,,,,,,,,,,,
2026-07-30,2026-10-28,19:00,New Jersey Devils,Wed,90,TBD,ticketmaster,offsale,,,,,,,,,,,
2026-07-30,2027-02-15,13:00,Columbus Blue Jackets,Mon,200,TBD,ticketmaster,offsale,,,,,,,,,,,
2026-07-30,2026-11-28,19:00,San Jose Sharks,Sat,121,TBD,ticketmaster,offsale,,,,,,,,,,,
2026-07-30,2026-09-20,17:00,Utah Mammoth,Sun,52,TBD,ticketmaster,offsale,,,,,,,,,,,
2026-07-30,2026-09-30,20:00,Los Angeles Kings,Wed,62,TBD,ticketmaster,offsale,,,,,,,,,,,
2026-07-30,2026-10-03,19:00,St. Louis Blues,Sat,65,TBD,ticketmaster,offsale,,,,,,,,,,,
2026-07-30,2026-09-25,18:30,Winnipeg Jets,Fri,57,TBD,ticketmaster,offsale,,,,,,,,,,,
2026-07-30,2026-10-31,20:00,Calgary Flames,Sat,93,TBD,ticketmaster,offsale,,,,,,,,,,,
2026-07-30,2026-11-25,19:30,Montreal Canadiens,Wed,118,TBD,ticketmaster,offsale,,,,,,,,,,,
2026-07-30,2026-12-18,19:00,Carolina Hurricanes,Fri,141,TBD,ticketmaster,offsale,,,,,,,,,,,
2026-07-30,2026-12-20,18:00,Seattle Kraken,Sun,143,TBD,ticketmaster,offsale,,,,,,,,,,,
2026-07-30,2026-12-29,19:00,St. Louis Blues,Tue,152,TBD,ticketmaster,offsale,,,,,,,,,,,
2026-07-30,2026-11-05,19:00,Nashville Predators,Thu,98,TBD,ticketmaster,offsale,,,,,,,,,,,
2026-07-30,2027-01-04,19:00,Vegas Golden Knights,Mon,158,TBD,ticketmaster,offsale,,,,,,,,,,,
2026-07-30,2027-01-08,19:00,Seattle Kraken,Fri,162,TBD,ticketmaster,offsale,,,,,,,,,,,
2026-07-30,2026-12-14,19:00,Utah Mammoth,Mon,137,TBD,ticketmaster,offsale,,,,,,,,,,,
2026-07-30,2027-01-30,15:00,Buffalo Sabres,Sat,184,TBD,ticketmaster,offsale,,,,,,,,,,,
2026-07-30,2027-01-26,19:00,Edmonton Oilers,Tue,180,TBD,ticketmaster,offsale,,,,,,,,,,,
2026-07-30,2027-04-10,13:00,Minnesota Wild,Sat,254,TBD,ticketmaster,offsale,,,,,,,,,,,
2026-07-30,2027-03-17,19:00,Minnesota Wild,Wed,230,TBD,ticketmaster,offsale,,,,,,,,,,,
2026-07-30,2027-01-06,19:30,Ottawa Senators,Wed,160,TBD,ticketmaster,offsale,,,,,,,,,,,
2026-07-30,2027-01-10,18:00,Nashville Predators,Sun,164,TBD,ticketmaster,offsale,,,,,,,,,,,
2026-07-30,2027-01-18,13:00,Vancouver Canucks,Mon,172,TBD,ticketmaster,offsale,,,,,,,,,,,
2026-07-30,2027-02-27,17:00,Florida Panthers,Sat,212,TBD,ticketmaster,offsale,,,,,,,,,,,
2026-07-30,2027-02-22,19:00,Vegas Golden Knights,Mon,207,TBD,ticketmaster,offsale,,,,,,,,,,,
2026-07-30,2027-02-25,20:30,Winnipeg Jets,Thu,210,TBD,ticketmaster,offsale,,,,,,,,,,,
2026-07-30,2027-03-09,19:00,Philadelphia Flyers,Tue,222,TBD,ticketmaster,offsale,,,,,,,,,,,
2026-07-30,2027-03-15,19:30,Edmonton Oilers,Mon,228,TBD,ticketmaster,offsale,,,,,,,,,,,
2026-07-30,2027-03-27,17:00,Winnipeg Jets,Sat,240,TBD,ticketmaster,offsale,,,,,,,,,,,
2026-07-30,2027-04-02,19:00,Los Angeles Kings,Fri,246,TBD,ticketmaster,offsale,,,,,,,,,,,
2026-07-30,2027-03-23,19:00,Utah Mammoth,Tue,236,TBD,ticketmaster,offsale,,,,,,,,,,,
2026-07-31,2027-01-20,19:00,Boston Bruins,Wed,173,TBD,ticketmaster,offsale,,,,,,,,,,,
2026-07-31,2026-10-16,19:00,Pittsburgh Penguins,Fri,77,TBD,ticketmaster,offsale,,,,,,,,,,,
2026-07-31,2027-03-13,16:00,Chicago Blackhawks,Sat,225,TBD,ticketmaster,offsale,,,,,,,,,,,
2026-07-31,2027-03-21,15:00,Chicago Blackhawks,Sun,233,TBD,ticketmaster,offsale,,,,,,,,,,,
2026-07-31,2026-11-19,19:00,Anaheim Ducks,Thu,111,TBD,ticketmaster,offsale,,,,,,,,,,,
2026-07-31,2026-11-07,19:00,Detroit Red Wings,Sat,99,TBD,ticketmaster,offsale,,,,,,,,,,,
2026-07-31,2026-12-12,19:00,Washington Capitals,Sat,134,TBD,ticketmaster,offsale,,,,,,,,,,,
2026-07-31,2027-03-11,19:30,New York Rangers,Thu,223,TBD,ticketmaster,offsale,,,,,,,,,,,
2026-07-31,2026-10-10,17:00,Toronto Maple Leafs,Sat,71,TBD,ticketmaster,offsale,,,,,,,,,,,
2026-07-31,2026-10-14,19:30,Dallas Stars,Wed,75,TBD,ticketmaster,offsale,,,,,,,,,,,
2026-07-31,2027-01-24,15:00,Dallas Stars,Sun,177,TBD,ticketmaster,offsale,,,,,,,,,,,
2026-07-31,2026-12-16,19:00,New York Islanders,Wed,138,TBD,ticketmaster,offsale,,,,,,,,,,,
2026-07-31,2026-10-23,19:00,Tampa Bay Lightning,Fri,84,TBD,ticketmaster,offsale,,,,,,,,,,,
2026-07-31,2026-10-28,19:00,New Jersey Devils,Wed,89,TBD,ticketmaster,offsale,,,,,,,,,,,
2026-07-31,2027-02-15,13:00,Columbus Blue Jackets,Mon,199,TBD,ticketmaster,offsale,,,,,,,,,,,
2026-07-31,2026-11-28,19:00,San Jose Sharks,Sat,120,TBD,ticketmaster,offsale,,,,,,,,,,,
2026-07-31,2026-09-20,17:00,Utah Mammoth,Sun,51,TBD,ticketmaster,offsale,,,,,,,,,,,
2026-07-31,2026-09-30,20:00,Los Angeles Kings,Wed,61,TBD,ticketmaster,offsale,,,,,,,,,,,
2026-07-31,2026-10-03,19:00,St. Louis Blues,Sat,64,TBD,ticketmaster,offsale,,,,,,,,,,,
2026-07-31,2026-09-25,18:30,Winnipeg Jets,Fri,56,TBD,ticketmaster,offsale,,,,,,,,,,,
2026-07-31,2026-10-31,20:00,Calgary Flames,Sat,92,TBD,ticketmaster,offsale,,,,,,,,,,,
2026-07-31,2026-11-25,19:30,Montreal Canadiens,Wed,117,TBD,ticketmaster,offsale,,,,,,,,,,,
2026-07-31,2026-12-18,19:00,Carolina Hurricanes,Fri,140,TBD,ticketmaster,offsale,,,,,,,,,,,
2026-07-31,2026-12-20,18:00,Seattle Kraken,Sun,142,TBD,ticketmaster,offsale,,,,,,,,,,,
2026-07-31,2026-12-29,19:00,St. Louis Blues,Tue,151,TBD,ticketmaster,offsale,,,,,,,,,,,
2026-07-31,2026-11-05,19:00,Nashville Predators,Thu,97,TBD,ticketmaster,offsale,,,,,,,,,,,
2026-07-31,2027-01-30,15:00,Buffalo Sabres,Sat,183,TBD,ticketmaster,offsale,,,,,,,,,,,
2026-07-31,2027-01-04,19:00,Vegas Golden Knights,Mon,157,TBD,ticketmaster,offsale,,,,,,,,,,,
2026-07-31,2027-02-27,17:00,Florida Panthers,Sat,211,TBD,ticketmaster,offsale,,,,,,,,,,,
2026-07-31,2027-01-08,19:00,Seattle Kraken,Fri,161,TBD,ticketmaster,offsale,,,,,,,,,,,
2026-07-31,2026-12-14,19:00,Utah Mammoth,Mon,136,TBD,ticketmaster,offsale,,,,,,,,,,,
2026-07-31,2027-01-26,19:00,Edmonton Oilers,Tue,179,TBD,ticketmaster,offsale,,,,,,,,,,,
2026-07-31,2027-01-06,19:30,Ottawa Senators,Wed,159,TBD,ticketmaster,offsale,,,,,,,,,,,
2026-07-31,2027-01-10,18:00,Nashville Predators,Sun,163,TBD,ticketmaster,offsale,,,,,,,,,,,
2026-07-31,2027-03-17,19:00,Minnesota Wild,Wed,229,TBD,ticketmaster,offsale,,,,,,,,,,,
2026-07-31,2027-01-18,13:00,Vancouver Canucks,Mon,171,TBD,ticketmaster,offsale,,,,,,,,,,,
2026-07-31,2027-04-10,13:00,Minnesota Wild,Sat,253,TBD,ticketmaster,offsale,,,,,,,,,,,
2026-07-31,2027-02-22,19:00,Vegas Golden Knights,Mon,206,TBD,ticketmaster,offsale,,,,,,,,,,,
2026-07-31,2027-03-09,19:00,Philadelphia Flyers,Tue,221,TBD,ticketmaster,offsale,,,,,,,,,,,
2026-07-31,2027-02-25,20:30,Winnipeg Jets,Thu,209,TBD,ticketmaster,offsale,,,,,,,,,,,
2026-07-31,2027-03-15,19:30,Edmonton Oilers,Mon,227,TBD,ticketmaster,offsale,,,,,,,,,,,
2026-07-31,2027-03-27,17:00,Winnipeg Jets,Sat,239,TBD,ticketmaster,offsale,,,,,,,,,,,
2026-07-31,2027-04-02,19:00,Los Angeles Kings,Fri,245,TBD,ticketmaster,offsale,,,,,,,,,,,
2026-07-31,2027-03-23,19:00,Utah Mammoth,Tue,235,TBD,ticketmaster,offsale,,,,,,,,,,,
2026-08-01,2027-01-20,19:00,Boston Bruins,Wed,172,TBD,ticketmaster,offsale,,,,,,,,,,,
2026-08-01,2026-10-16,19:00,Pittsburgh Penguins,Fri,76,TBD,ticketmaster,offsale,,,,,,,,,,,
2026-08-01,2027-03-13,16:00,Chicago Blackhawks,Sat,224,TBD,ticketmaster,offsale,,,,,,,,,,,
2026-08-01,2027-03-21,15:00,Chicago Blackhawks,Sun,232,TBD,ticketmaster,offsale,,,,,,,,,,,
2026-08-01,2026-11-19,19:00,Anaheim Ducks,Thu,110,TBD,ticketmaster,offsale,,,,,,,,,,,
2026-08-01,2026-11-07,19:00,Detroit Red Wings,Sat,98,TBD,ticketmaster,offsale,,,,,,,,,,,
2026-08-01,2026-12-12,19:00,Washington Capitals,Sat,133,TBD,ticketmaster,offsale,,,,,,,,,,,
2026-08-01,2027-03-11,19:30,New York Rangers,Thu,222,TBD,ticketmaster,offsale,,,,,,,,,,,
2026-08-01,2026-10-10,17:00,Toronto Maple Leafs,Sat,70,TBD,ticketmaster,offsale,,,,,,,,,,,
2026-08-01,2026-10-14,19:30,Dallas Stars,Wed,74,TBD,ticketmaster,offsale,,,,,,,,,,,
2026-08-01,2027-01-24,15:00,Dallas Stars,Sun,176,TBD,ticketmaster,offsale,,,,,,,,,,,
2026-08-01,2026-12-16,19:00,New York Islanders,Wed,137,TBD,ticketmaster,offsale,,,,,,,,,,,
2026-08-01,2026-10-23,19:00,Tampa Bay Lightning,Fri,83,TBD,ticketmaster,offsale,,,,,,,,,,,
2026-08-01,2026-10-28,19:00,New Jersey Devils,Wed,88,TBD,ticketmaster,offsale,,,,,,,,,,,
2026-08-01,2027-02-15,13:00,Columbus Blue Jackets,Mon,198,TBD,ticketmaster,offsale,,,,,,,,,,,
2026-08-01,2026-11-28,19:00,San Jose Sharks,Sat,119,TBD,ticketmaster,offsale,,,,,,,,,,,
2026-08-01,2026-09-20,17:00,Utah Mammoth,Sun,50,TBD,ticketmaster,offsale,,,,,,,,,,,
2026-08-01,2026-09-30,20:00,Los Angeles Kings,Wed,60,TBD,ticketmaster,offsale,,,,,,,,,,,
2026-08-01,2026-10-03,19:00,St. Louis Blues,Sat,63,TBD,ticketmaster,offsale,,,,,,,,,,,
2026-08-01,2026-09-25,18:30,Winnipeg Jets,Fri,55,TBD,ticketmaster,offsale,,,,,,,,,,,
2026-08-01,2026-10-31,20:00,Calgary Flames,Sat,91,TBD,ticketmaster,offsale,,,,,,,,,,,
2026-08-01,2026-11-25,19:30,Montreal Canadiens,Wed,116,TBD,ticketmaster,offsale,,,,,,,,,,,
2026-08-01,2026-11-05,19:00,Nashville Predators,Thu,96,TBD,ticketmaster,offsale,,,,,,,,,,,
2026-08-01,2026-12-29,19:00,St. Louis Blues,Tue,150,TBD,ticketmaster,offsale,,,,,,,,,,,
2026-08-01,2026-12-20,18:00,Seattle Kraken,Sun,141,TBD,ticketmaster,offsale,,,,,,,,,,,
2026-08-01,2026-12-18,19:00,Carolina Hurricanes,Fri,139,TBD,ticketmaster,offsale,,,,,,,,,,,
2026-08-01,2027-01-04,19:00,Vegas Golden Knights,Mon,156,TBD,ticketmaster,offsale,,,,,,,,,,,
2026-08-01,2027-01-26,19:00,Edmonton Oilers,Tue,178,TBD,ticketmaster,offsale,,,,,,,,,,,
2026-08-01,2026-12-14,19:00,Utah Mammoth,Mon,135,TBD,ticketmaster,offsale,,,,,,,,,,,
2026-08-01,2027-01-08,19:00,Seattle Kraken,Fri,160,TBD,ticketmaster,offsale,,,,,,,,,,,
2026-08-01,2027-01-30,15:00,Buffalo Sabres,Sat,182,TBD,ticketmaster,offsale,,,,,,,,,,,
2026-08-01,2027-01-06,19:30,Ottawa Senators,Wed,158,TBD,ticketmaster,offsale,,,,,,,,,,,
2026-08-01,2027-03-17,19:00,Minnesota Wild,Wed,228,TBD,ticketmaster,offsale,,,,,,,,,,,
2026-08-01,2027-01-10,18:00,Nashville Predators,Sun,162,TBD,ticketmaster,offsale,,,,,,,,,,,
2026-08-01,2027-01-18,13:00,Vancouver Canucks,Mon,170,TBD,ticketmaster,offsale,,,,,,,,,,,
2026-08-01,2027-04-10,13:00,Minnesota Wild,Sat,252,TBD,ticketmaster,offsale,,,,,,,,,,,
2026-08-01,2027-02-27,17:00,Florida Panthers,Sat,210,TBD,ticketmaster,offsale,,,,,,,,,,,
2026-08-01,2027-02-22,19:00,Vegas Golden Knights,Mon,205,TBD,ticketmaster,offsale,,,,,,,,,,,
2026-08-01,2027-02-25,20:30,Winnipeg Jets,Thu,208,TBD,ticketmaster,offsale,,,,,,,,,,,
2026-08-01,2027-03-09,19:00,Philadelphia Flyers,Tue,220,TBD,ticketmaster,offsale,,,,,,,,,,,
2026-08-01,2027-03-15,19:30,Edmonton Oilers,Mon,226,TBD,ticketmaster,offsale,,,,,,,,,,,
2026-08-01,2027-03-27,17:00,Winnipeg Jets,Sat,238,TBD,ticketmaster,offsale,,,,,,,,,,,
2026-08-01,2027-03-23,19:00,Utah Mammoth,Tue,234,TBD,ticketmaster,offsale,,,,,,,,,,,
2026-08-01,2027-04-02,19:00,Los Angeles Kings,Fri,244,TBD,ticketmaster,offsale,,,,,,,,,,,
2026-08-02,2027-01-20,19:00,Boston Bruins,Wed,171,TBD,ticketmaster,offsale,,,,,,,,,,,
2026-08-02,2026-10-16,19:00,Pittsburgh Penguins,Fri,75,TBD,ticketmaster,offsale,,,,,,,,,,,
2026-08-02,2027-03-13,16:00,Chicago Blackhawks,Sat,223,TBD,ticketmaster,offsale,,,,,,,,,,,
2026-08-02,2027-03-21,15:00,Chicago Blackhawks,Sun,231,TBD,ticketmaster,offsale,,,,,,,,,,,
2026-08-02,2026-11-19,19:00,Anaheim Ducks,Thu,109,TBD,ticketmaster,offsale,,,,,,,,,,,
2026-08-02,2026-11-07,19:00,Detroit Red Wings,Sat,97,TBD,ticketmaster,offsale,,,,,,,,,,,
2026-08-02,2026-12-12,19:00,Washington Capitals,Sat,132,TBD,ticketmaster,offsale,,,,,,,,,,,
2026-08-02,2027-03-11,19:30,New York Rangers,Thu,221,TBD,ticketmaster,offsale,,,,,,,,,,,
2026-08-02,2026-10-10,17:00,Toronto Maple Leafs,Sat,69,TBD,ticketmaster,offsale,,,,,,,,,,,
2026-08-02,2026-10-14,19:30,Dallas Stars,Wed,73,TBD,ticketmaster,offsale,,,,,,,,,,,
2026-08-02,2027-01-24,15:00,Dallas Stars,Sun,175,TBD,ticketmaster,offsale,,,,,,,,,,,
2026-08-02,2026-12-16,19:00,New York Islanders,Wed,136,TBD,ticketmaster,offsale,,,,,,,,,,,
2026-08-02,2026-10-23,19:00,Tampa Bay Lightning,Fri,82,TBD,ticketmaster,offsale,,,,,,,,,,,
2026-08-02,2026-10-28,19:00,New Jersey Devils,Wed,87,TBD,ticketmaster,offsale,,,,,,,,,,,
2026-08-02,2027-02-15,13:00,Columbus Blue Jackets,Mon,197,TBD,ticketmaster,offsale,,,,,,,,,,,
2026-08-02,2026-11-28,19:00,San Jose Sharks,Sat,118,TBD,ticketmaster,offsale,,,,,,,,,,,
2026-08-02,2026-09-20,17:00,Utah Mammoth,Sun,49,TBD,ticketmaster,offsale,,,,,,,,,,,
2026-08-02,2026-09-30,20:00,Los Angeles Kings,Wed,59,TBD,ticketmaster,offsale,,,,,,,,,,,
2026-08-02,2026-12-14,19:00,Utah Mammoth,Mon,134,TBD,ticketmaster,offsale,,,,,,,,,,,
2026-08-02,2026-10-03,19:00,St. Louis Blues,Sat,62,TBD,ticketmaster,offsale,,,,,,,,,,,
2026-08-02,2026-09-25,18:30,Winnipeg Jets,Fri,54,TBD,ticketmaster,offsale,,,,,,,,,,,
2026-08-02,2027-01-26,19:00,Edmonton Oilers,Tue,177,TBD,ticketmaster,offsale,,,,,,,,,,,
2026-08-02,2026-11-25,19:30,Montreal Canadiens,Wed,115,TBD,ticketmaster,offsale,,,,,,,,,,,
2026-08-02,2026-10-31,20:00,Calgary Flames,Sat,90,TBD,ticketmaster,offsale,,,,,,,,,,,
2026-08-02,2026-12-29,19:00,St. Louis Blues,Tue,149,TBD,ticketmaster,offsale,,,,,,,,,,,
2026-08-02,2026-12-18,19:00,Carolina Hurricanes,Fri,138,TBD,ticketmaster,offsale,,,,,,,,,,,
2026-08-02,2026-11-05,19:00,Nashville Predators,Thu,95,TBD,ticketmaster,offsale,,,,,,,,,,,
2026-08-02,2026-12-20,18:00,Seattle Kraken,Sun,140,TBD,ticketmaster,offsale,,,,,,,,,,,
2026-08-02,2027-01-04,19:00,Vegas Golden Knights,Mon,155,TBD,ticketmaster,offsale,,,,,,,,,,,
2026-08-02,2027-01-18,13:00,Vancouver Canucks,Mon,169,TBD,ticketmaster,offsale,,,,,,,,,,,
2026-08-02,2027-01-08,19:00,Seattle Kraken,Fri,159,TBD,ticketmaster,offsale,,,,,,,,,,,
2026-08-02,2027-01-30,15:00,Buffalo Sabres,Sat,181,TBD,ticketmaster,offsale,,,,,,,,,,,
2026-08-02,2027-01-06,19:30,Ottawa Senators,Wed,157,TBD,ticketmaster,offsale,,,,,,,,,,,
2026-08-02,2027-01-10,18:00,Nashville Predators,Sun,161,TBD,ticketmaster,offsale,,,,,,,,,,,
2026-08-02,2027-03-17,19:00,Minnesota Wild,Wed,227,TBD,ticketmaster,offsale,,,,,,,,,,,
2026-08-02,2027-02-27,17:00,Florida Panthers,Sat,209,TBD,ticketmaster,offsale,,,,,,,,,,,
2026-08-02,2027-02-22,19:00,Vegas Golden Knights,Mon,204,TBD,ticketmaster,offsale,,,,,,,,,,,
2026-08-02,2027-02-25,20:30,Winnipeg Jets,Thu,207,TBD,ticketmaster,offsale,,,,,,,,,,,
2026-08-02,2027-04-10,13:00,Minnesota Wild,Sat,251,TBD,ticketmaster,offsale,,,,,,,,,,,
2026-08-02,2027-03-09,19:00,Philadelphia Flyers,Tue,219,TBD,ticketmaster,offsale,,,,,,,,,,,
2026-08-02,2027-03-15,19:30,Edmonton Oilers,Mon,225,TBD,ticketmaster,offsale,,,,,,,,,,,
2026-08-02,2027-03-27,17:00,Winnipeg Jets,Sat,237,TBD,ticketmaster,offsale,,,,,,,,,,,
2026-08-02,2027-03-23,19:00,Utah Mammoth,Tue,233,TBD,ticketmaster,offsale,,,,,,,,,,,
2026-08-02,2027-04-02,19:00,Los Angeles Kings,Fri,243,TBD,ticketmaster,offsale,,,,,,,,,,,
2026-08-03,2027-01-20,19:00,Boston Bruins,Wed,170,TBD,ticketmaster,offsale,,,,,,,,,,,
2026-08-03,2026-10-16,19:00,Pittsburgh Penguins,Fri,74,TBD,ticketmaster,offsale,,,,,,,,,,,
2026-08-03,2027-03-13,16:00,Chicago Blackhawks,Sat,222,TBD,ticketmaster,offsale,,,,,,,,,,,
2026-08-03,2027-03-21,15:00,Chicago Blackhawks,Sun,230,TBD,ticketmaster,offsale,,,,,,,,,,,
2026-08-03,2026-11-19,19:00,Anaheim Ducks,Thu,108,TBD,ticketmaster,offsale,,,,,,,,,,,
2026-08-03,2026-11-07,19:00,Detroit Red Wings,Sat,96,TBD,ticketmaster,offsale,,,,,,,,,,,
2026-08-03,2026-12-12,19:00,Washington Capitals,Sat,131,TBD,ticketmaster,offsale,,,,,,,,,,,
2026-08-03,2027-03-11,19:30,New York Rangers,Thu,220,TBD,ticketmaster,offsale,,,,,,,,,,,
2026-08-03,2026-10-10,17:00,Toronto Maple Leafs,Sat,68,TBD,ticketmaster,offsale,,,,,,,,,,,
2026-08-03,2026-10-14,19:30,Dallas Stars,Wed,72,TBD,ticketmaster,offsale,,,,,,,,,,,
2026-08-03,2027-01-24,15:00,Dallas Stars,Sun,174,TBD,ticketmaster,offsale,,,,,,,,,,,
2026-08-03,2026-12-16,19:00,New York Islanders,Wed,135,TBD,ticketmaster,offsale,,,,,,,,,,,
2026-08-03,2026-10-23,19:00,Tampa Bay Lightning,Fri,81,TBD,ticketmaster,offsale,,,,,,,,,,,
2026-08-03,2026-10-28,19:00,New Jersey Devils,Wed,86,TBD,ticketmaster,offsale,,,,,,,,,,,
2026-08-03,2027-02-15,13:00,Columbus Blue Jackets,Mon,196,TBD,ticketmaster,offsale,,,,,,,,,,,
2026-08-03,2026-11-28,19:00,San Jose Sharks,Sat,117,TBD,ticketmaster,offsale,,,,,,,,,,,
2026-08-03,2026-09-20,17:00,Utah Mammoth,Sun,48,TBD,ticketmaster,offsale,,,,,,,,,,,
2026-08-03,2026-09-30,20:00,Los Angeles Kings,Wed,58,TBD,ticketmaster,offsale,,,,,,,,,,,
2026-08-03,2026-10-03,19:00,St. Louis Blues,Sat,61,TBD,ticketmaster,offsale,,,,,,,,,,,
2026-08-03,2026-12-14,19:00,Utah Mammoth,Mon,133,TBD,ticketmaster,offsale,,,,,,,,,,,
2026-08-03,2026-09-25,18:30,Winnipeg Jets,Fri,53,TBD,ticketmaster,offsale,,,,,,,,,,,
2026-08-03,2026-11-25,19:30,Montreal Canadiens,Wed,114,TBD,ticketmaster,offsale,,,,,,,,,,,
2026-08-03,2026-10-31,20:00,Calgary Flames,Sat,89,TBD,ticketmaster,offsale,,,,,,,,,,,
2026-08-03,2026-11-05,19:00,Nashville Predators,Thu,94,TBD,ticketmaster,offsale,,,,,,,,,,,
2026-08-03,2026-12-29,19:00,St. Louis Blues,Tue,148,TBD,ticketmaster,offsale,,,,,,,,,,,
2026-08-03,2026-12-18,19:00,Carolina Hurricanes,Fri,137,TBD,ticketmaster,offsale,,,,,,,,,,,
2026-08-03,2026-12-20,18:00,Seattle Kraken,Sun,139,TBD,ticketmaster,offsale,,,,,,,,,,,
2026-08-03,2027-01-26,19:00,Edmonton Oilers,Tue,176,TBD,ticketmaster,offsale,,,,,,,,,,,
2026-08-03,2027-01-04,19:00,Vegas Golden Knights,Mon,154,TBD,ticketmaster,offsale,,,,,,,,,,,
2026-08-03,2027-01-08,19:00,Seattle Kraken,Fri,158,TBD,ticketmaster,offsale,,,,,,,,,,,
2026-08-03,2027-01-18,13:00,Vancouver Canucks,Mon,168,TBD,ticketmaster,offsale,,,,,,,,,,,
2026-08-03,2027-01-06,19:30,Ottawa Senators,Wed,156,TBD,ticketmaster,offsale,,,,,,,,,,,
2026-08-03,2027-01-10,18:00,Nashville Predators,Sun,160,TBD,ticketmaster,offsale,,,,,,,,,,,
2026-08-03,2027-01-30,15:00,Buffalo Sabres,Sat,180,TBD,ticketmaster,offsale,,,,,,,,,,,
2026-08-03,2027-03-17,19:00,Minnesota Wild,Wed,226,TBD,ticketmaster,offsale,,,,,,,,,,,
2026-08-03,2027-04-10,13:00,Minnesota Wild,Sat,250,TBD,ticketmaster,offsale,,,,,,,,,,,
2026-08-03,2027-02-27,17:00,Florida Panthers,Sat,208,TBD,ticketmaster,offsale,,,,,,,,,,,
2026-08-03,2027-02-22,19:00,Vegas Golden Knights,Mon,203,TBD,ticketmaster,offsale,,,,,,,,,,,
2026-08-03,2027-02-25,20:30,Winnipeg Jets,Thu,206,TBD,ticketmaster,offsale,,,,,,,,,,,
2026-08-03,2027-03-09,19:00,Philadelphia Flyers,Tue,218,TBD,ticketmaster,offsale,,,,,,,,,,,
2026-08-03,2027-03-15,19:30,Edmonton Oilers,Mon,224,TBD,ticketmaster,offsale,,,,,,,,,,,
2026-08-03,2027-03-27,17:00,Winnipeg Jets,Sat,236,TBD,ticketmaster,offsale,,,,,,,,,,,
2026-08-03,2027-03-23,19:00,Utah Mammoth,Tue,232,TBD,ticketmaster,offsale,,,,,,,,,,,
2026-08-03,2027-04-02,19:00,Los Angeles Kings,Fri,242,TBD,ticketmaster,offsale,,,,,,,,,,,
